id,genres,name,themes,total_rating,company,updated_at
1621,[4],Ultimate Mortal Kombat 3,"[1, 17, 19]",69.93153561052065,Electronic Arts,2025-08-22 00:29:42
2166,[13],LHX: Attack Chopper,"[1, 39]",76.52637405440868,Electronic Arts,2025-08-22 00:29:42
3011,[31],Harry Potter and the Order of the Phoenix,"[1, 17, 38]",62.22374051926831,Electronic Arts,2025-08-22 00:29:42
3249,"[4, 10]",Road Rash,[1],68.58836050002495,Electronic Arts,2025-08-22 00:29:42
3431,[14],Cyber Tiger,[1],,Electronic Arts,2025-08-22 00:29:42
3632,"[4, 14]",WCW Backstage Assault,[1],47.10004221190376,Electronic Arts,2025-08-22 00:29:42
3633,"[4, 14]",WCW Mayhem,[1],58.93866738102808,Electronic Arts,2025-08-22 00:29:42
3942,[31],Harry Potter and the Goblet of Fire,"[1, 17]",58.88393488365681,Electronic Arts,2025-08-22 00:29:42
4368,[5],Jungle Strike,"[1, 22, 39]",68.45386160285238,Electronic Arts,2025-08-22 00:29:42
4394,[25],Sword of Sodan,"[1, 17]",40.29748087867635,Electronic Arts,2025-08-22 00:29:42
4409,"[4, 13, 14]",Budokan: The Martial Spirit,[32],50.77447018622372,Electronic Arts,2025-08-22 00:29:42
4429,"[4, 10]",Road Rash II,[1],77.12676155101616,Electronic Arts,2025-08-22 00:29:42
4542,"[13, 14]",Madden NFL 96,,48.98518196629534,Electronic Arts,2025-08-22 00:29:42
4587,"[13, 14]",John Madden Football,[32],,Electronic Arts,2025-08-22 00:29:42
4588,"[13, 14]",John Madden Football '92,[32],,Electronic Arts,2025-08-22 00:29:42
4904,[5],Harry Potter and the Deathly Hallows: Part 1,"[1, 17, 23]",44.12881231824802,Electronic Arts,2025-08-22 00:29:42
4905,[5],Harry Potter and the Deathly Hallows: Part 2,"[1, 17]",38.20092830473904,Electronic Arts,2025-08-22 00:29:42
5053,"[10, 14]",NASCAR Kart Racing,,,Electronic Arts,2025-08-22 00:29:42
5155,[13],SimAnimals,,63.64678899082569,Electronic Arts,2025-08-22 00:29:42
5338,[13],688 Attack Sub,[39],62.98245614035088,Electronic Arts,2025-08-22 00:29:42
5363,"[14, 15]",Bill Walsh College Football,[1],,Electronic Arts,2025-08-22 00:29:42
5396,[14],Joe Montana Football,,68.39914906605233,Electronic Arts,2025-08-22 00:29:42
5530,"[12, 13, 15]",The Sims: Vacation,"[17, 27, 33, 44]",71.78496823986984,Electronic Arts,2025-08-22 00:29:42
6211,"[13, 14, 15]",Total Club Manager 2003,,,Electronic Arts,2025-08-22 00:29:42
6798,"[5, 15]",Desert Strike: Return to the Gulf,"[1, 39]",78.72503920602026,Electronic Arts,2025-08-22 00:29:42
8100,[13],Haunting Starring Polterguy,"[1, 19, 27]",89.69946085116226,Electronic Arts,2025-08-22 00:29:42
8813,[14],Tiger Woods PGA Tour 2002,,84.33333333333333,Electronic Arts,2025-08-22 00:29:42
11675,[14],Ski or Die,"[1, 27]",64.05209902249699,Electronic Arts,2025-08-22 00:29:42
12267,"[10, 14, 33]",Skate or Die,[1],67.03142839038608,Electronic Arts,2025-08-22 00:29:42
12714,[14],PGA Tour Golf,,74.93046444647901,Electronic Arts,2025-08-22 00:29:42
12770,"[5, 11, 15, 24]",Space Hulk,"[1, 18, 39]",60.94050768334096,Electronic Arts,2025-08-22 00:29:42
13838,[12],Deathlord,[17],,Electronic Arts,2025-08-22 00:29:42
14559,[13],The Sims 3: Riverview,[33],59.89467366461358,Electronic Arts,2025-08-22 00:29:42
15350,[14],Projectyle,[1],,Electronic Arts,2025-08-22 00:29:42
18705,[5],Shockwave Assault,"[1, 18]",40.0,Electronic Arts,2025-08-22 00:29:42
19418,"[5, 13, 15, 31]",Soviet Strike,"[1, 39]",69.91981029132725,Electronic Arts,2025-08-22 00:29:42
19772,[14],Championship Hockey,,,Electronic Arts,2025-08-22 00:29:42
20675,[14],FIFA Manager 06,,75.11485330557129,Electronic Arts,2025-08-22 00:29:42
21722,[14],FIFA Soccer,,76.75,Electronic Arts,2025-08-22 00:29:42
22265,[14],FIFA 12: UEFA Euro 2012,,60.0,Electronic Arts,2025-08-22 00:29:42
22973,[14],FIFA 10: Ultimate Team,,,Electronic Arts,2025-08-22 00:29:42
26013,"[13, 14]",NBA Live 98,,59.86147397962028,Electronic Arts,2025-08-22 00:29:42
27075,"[10, 14]",Skitchin',[1],,Electronic Arts,2025-08-22 00:29:42
41890,[5],Battlefield: Bad Company 2 - Limited Edition,"[1, 39]",,Electronic Arts,2025-08-22 00:29:42
41892,[5],Battlefield: Bad Company 2 Ultimate Edition,[1],,Electronic Arts,2025-08-22 00:29:42
42490,"[8, 14]",Michael Jordan: Chaos in the Windy City,"[1, 19]",54.79780452827227,Electronic Arts,2025-08-22 00:29:42
42898,[14],FIFA 15: Ultimate Team Edition,[32],,Electronic Arts,2025-08-22 00:29:42
43280,[10],Rumble Racing,,,Electronic Arts,2025-08-22 00:29:42
43335,[14],FIFA Soccer 2003,,53.12632907608808,Electronic Arts,2025-08-22 00:29:42
43710,[14],NCAA March Madness '98,,,Electronic Arts,2025-08-22 00:29:42
44009,[14],FIFA 14: Legacy Edition,[32],,Electronic Arts,2025-08-22 00:29:42
45573,[14],NBA Showdown,[32],,Electronic Arts,2025-08-22 00:29:42
45686,"[5, 33]",Zombie High,[1],,Electronic Arts,2025-08-22 00:29:42
46067,[14],Bulls vs Lakers and the NBA Playoffs,,,Electronic Arts,2025-08-22 00:29:42
46200,[8],Rolo to the Rescue,[1],,Electronic Arts,2025-08-22 00:29:42
46226,[14],Coach K College Basketball,,,Electronic Arts,2025-08-22 00:29:42
47908,"[13, 31]",Littlest Pet Shop: Winter,[35],80.0,Electronic Arts,2025-08-22 00:29:42
48019,[31],Littlest Pet Shop: Jungle,[35],,Electronic Arts,2025-08-22 00:29:42
48020,[31],Littlest Pet Shop: Garden,[35],,Electronic Arts,2025-08-22 00:29:42
48021,[13],Littlest Pet Shop: Country Friends,[35],,Electronic Arts,2025-08-22 00:29:42
48022,[13],Littlest Pet Shop: City Friends,[35],,Electronic Arts,2025-08-22 00:29:42
48181,[14],Skate or Die 2: The Search for Double Trouble,[1],,Electronic Arts,2025-08-22 00:29:42
50809,[14],Rugby World Cup 95,,,Electronic Arts,2025-08-22 00:29:42
51953,"[5, 31]",ReBoot,"[1, 18]",,Electronic Arts,2025-08-22 00:29:42
53044,[14],FIFA 17: Deluxe Edition,,,Electronic Arts,2025-08-22 00:29:42
53046,,Wildlife: Forest Survival,,,Electronic Arts,2025-08-22 00:29:42
58312,"[13, 14]",FIFA Soccer: Prime Stars,,,Electronic Arts,2025-08-22 00:29:42
64285,[14],FIFA Online 2,,,Electronic Arts,2025-08-22 00:29:42
64475,[35],Monopoly Millionaire,[28],,Electronic Arts,2025-08-22 00:29:42
66667,,Flips: Artemis Fowl,,,Electronic Arts,2025-08-22 00:29:42
66910,[14],FIFA Online,,,Electronic Arts,2025-08-22 00:29:42
67572,[13],Littlest Pet Shop: Beach Friends,[35],,Electronic Arts,2025-08-22 00:29:42
68040,"[31, 33]",Littlest Pet Shop: Spring,"[35, 40]",,Electronic Arts,2025-08-22 00:29:42
69585,[14],Michael Jordan in Flight,,,Electronic Arts,2025-08-22 00:29:42
70463,"[5, 13]",U.S. Navy Fighters - Marine Fighters,"[33, 39]",,Electronic Arts,2025-08-22 00:29:42
71681,[31],Escape From Hell,"[19, 27]",,Electronic Arts,2025-08-22 00:29:42
72891,[14],The Sims: Bowling,,,Electronic Arts,2025-08-22 00:29:42
73799,[12],Fountain of Dreams,,,Electronic Arts,2025-08-22 00:29:42
79594,[13],Stormovik: Soviet Attack Fighter SU-25,"[22, 39]",,Electronic Arts,2025-08-22 00:29:42
79890,"[5, 13]",U.S. Navy Fighters,"[33, 39]",,Electronic Arts,2025-08-22 00:29:42
79955,"[13, 14]",FIFA Soccer Manager,[32],,Electronic Arts,2025-08-22 00:29:42
80678,[14],FIFA Manager 07: Extra Time,,,Electronic Arts,2025-08-22 00:29:42
83752,[14],FIFA 18: Ronaldo Edition,,50.0,Electronic Arts,2025-08-22 00:29:42
83753,[14],FIFA 18: ICON Edition,,50.0,Electronic Arts,2025-08-22 00:29:42
84223,[5],Scarab,[1],,Electronic Arts,2025-08-22 00:29:42
87190,[11],Command & Conquer: Generals - Deluxe Edition,"[18, 39]",70.0,Electronic Arts,2025-08-22 00:29:42
91432,"[12, 13]",Littlest Pet Shop Online,[35],,Electronic Arts,2025-08-22 00:29:42
91768,[5],The Sims Carnival: Bumper Blast,[27],,Electronic Arts,2025-08-22 00:29:42
93902,"[13, 14]",EA Sports FC Online,[1],58.20224719101123,Electronic Arts,2025-08-22 00:29:42
95434,[24],Battleship,[1],,Electronic Arts,2025-08-22 00:29:42
96159,,Harry Potter and the Prisoner of Azkaban,,80.47952981369221,Electronic Arts,2025-08-22 00:29:42
99945,"[13, 14]",FIFA 15: Legacy Edition,[1],,Electronic Arts,2025-08-22 00:29:42
103377,[14],FIFA 19: Champions Edition,[32],57.30796346027461,Electronic Arts,2025-08-22 00:29:42
111047,[14],FIFA 19: Ultimate Edition,,,Electronic Arts,2025-08-22 00:29:42
113097,"[13, 33]",Super Strike Trilogy,[1],,Electronic Arts,2025-08-22 00:29:42
119891,[14],FIFA 20: Ultimate Edition,,,Electronic Arts,2025-08-22 00:29:42
120544,[5],Medal of Honor: Complete Collection,,,Electronic Arts,2025-08-22 00:29:42
122205,"[13, 14]",Littlest Pet Shop 3: Biggest Stars - Purple Team,[35],,Electronic Arts,2025-08-22 00:29:42
122206,"[13, 14]",Littlest Pet Shop 3: Biggest Stars - Pink Team,[35],,Electronic Arts,2025-08-22 00:29:42
126294,[14],FIFA 2000: Major League Soccer,,69.77080361577863,Electronic Arts,2025-08-22 00:29:42
136864,[15],Battle Stations,"[1, 39]",,Electronic Arts,2025-08-22 00:29:42
137710,[14],FIFA Online 3,,,Electronic Arts,2025-08-22 00:29:42
166325,[31],Harry Potter and the Chamber of Secrets,"[1, 17]",74.54304595082002,Electronic Arts,2025-08-22 00:29:42
166354,,Harry Potter and the Half-Blood Prince,,,Electronic Arts,2025-08-22 00:29:42
186723,[35],Monopoly,,,Electronic Arts,2025-08-22 00:29:42
200415,"[4, 14]",WCW Mayhem,[1],,Electronic Arts,2025-08-22 00:29:42
201922,"[13, 31]",Littlest Pet Shop 3: Biggest Stars - Blue Team,[35],,Electronic Arts,2025-08-22 00:29:42
203117,[9],Tetris,,,Electronic Arts,2025-08-22 00:29:42
204081,"[13, 14, 15]",Madden NFL 23: All Madden Edition,,,Electronic Arts,2025-08-22 00:29:42
206632,[14],The Links at Spanish Bay: PGA Tour 96 Championship Course,,,Electronic Arts,2025-08-22 00:29:42
207005,[11],Command & Conquer 3: Tiberium Wars - Kane Edition,"[1, 18]",,Electronic Arts,2025-08-22 00:29:42
208990,[13],SimCity,[28],,Electronic Arts,2025-08-22 00:29:42
209932,"[8, 25]",X-Men Origins: Wolverine - The Mobile Game,[1],,Electronic Arts,2025-08-22 00:29:42
209971,,Phlinx to Go,,,Electronic Arts,2025-08-22 00:29:42
209981,[14],PGA Tour 96: Wentworth,,,Electronic Arts,2025-08-22 00:29:42
209982,[14],PGA Tour 96 TPC at Sawgrass Championship Course,,,Electronic Arts,2025-08-22 00:29:42
210703,[11],Command & Conquer: Red Alert 3 - Premier Edition,"[1, 18, 39]",,Electronic Arts,2025-08-22 00:29:42
229956,[14],FIFA Soccer 2003,[32],,Electronic Arts,2025-08-22 00:29:42
230477,[14],SSX 3,,,Electronic Arts,2025-08-22 00:29:42
243244,[14],Madden NFL 96,[32],,Electronic Arts,2025-08-22 00:29:42
248544,[31],Harry Potter and the Goblet of Fire,"[1, 17]",0.0,Electronic Arts,2025-08-22 00:29:42
249152,[14],Tiger Woods PGA Tour 2000,,,Electronic Arts,2025-08-22 00:29:42
259155,,Transformers: Dark of the Moon,"[1, 18]",,Electronic Arts,2025-08-22 00:29:42
259166,,Transformers: Dark of the Moon,"[1, 18]",,Electronic Arts,2025-08-22 00:29:42
262023,[14],FC Mobile,[32],74.97645211930927,Electronic Arts,2025-08-22 00:29:42
264364,[10],Need for Speed: Hot Pursuit,[1],,Electronic Arts,2025-08-22 00:29:42
264365,[13],The Sims 3,,,Electronic Arts,2025-08-22 00:29:42
281792,"[11, 15, 24]",EA Strategy Collection,"[1, 17, 39]",,Electronic Arts,2025-08-22 00:29:42
281827,"[10, 25]",Road Rash,[1],,Electronic Arts,2025-08-22 00:29:42
281829,"[10, 25]",Road Rash,[1],,Electronic Arts,2025-08-22 00:29:42
282239,[35],Battleship,,,Electronic Arts,2025-08-22 00:29:42
282240,[35],Hasbro Toy Factory,,,Electronic Arts,2025-08-22 00:29:42
282241,,Mr. Potato Head,[35],,Electronic Arts,2025-08-22 00:29:42
283361,[9],Tetris,,,Electronic Arts,2025-08-22 00:29:42
287892,[9],Tetris,[1],,Electronic Arts,2025-08-22 00:29:42
303966,[35],Star Wars Battlefront: Companion,[18],,Electronic Arts,2025-08-22 00:29:42
318954,,Harry Potter and the Order of the Phoenix Mini-Game,,,Electronic Arts,2025-08-22 00:29:42
336268,[35],Monopoly,[28],,Electronic Arts,2025-08-22 00:29:42
345276,[31],Harry Potter and The Chamber of Secrets,"[1, 17]",,Electronic Arts,2025-08-22 00:29:42
355122,[14],Fighting Ice Hockey,,,Electronic Arts,2025-08-22 00:29:42
115,"[12, 15, 36]",League of Legends,"[1, 17]",79.56755647457015,Riot Games,2025-04-30 16:36:40
120176,"[15, 16, 24, 35]",Teamfight Tactics,[17],81.45734666748817,Riot Games,2025-04-30 16:36:40
124700,"[15, 36]",League of Legends: Wild Rift,"[1, 17]",70.53523479296646,Riot Games,2025-04-30 16:36:40
124701,"[15, 16, 35]",Legends of Runeterra,[17],78.8067653773993,Riot Games,2025-04-30 16:36:40
126459,"[5, 24]",Valorant,"[1, 17, 18]",75.03510967979837,Riot Games,2025-04-30 16:36:40
126460,[4],2XKO,[1],,Riot Games,2025-04-30 16:36:40
174596,[5],Valorant Mobile,[1],,Riot Games,2025-04-30 16:36:40
225568,[12],Untitled League of Legends MMO,[17],,Riot Games,2025-04-30 16:36:40
279168,"[15, 16, 24, 35]",Jin Chan Chan Zhi Zhan,[17],,Riot Games,2025-04-30 16:36:40
327916,"[12, 15, 36]",League of Legends: 2025 Season One - Welcome to Noxus,"[1, 17]",,Riot Games,2025-04-30 16:36:40
336307,"[15, 16, 24, 35]",Teamfight Tactics: Cyber City,"[17, 18]",,Riot Games,2025-04-30 16:36:40
342170,"[12, 15, 36]",League of Legends: 2025 Season Two - Spirit Blossom Beyond,"[1, 17]",,Riot Games,2025-04-30 16:36:40
290668,[12],Pop Up Story: Mahou no Hon to Seiju no Gakuen,[17],,Square Enix,2025-08-23 04:07:24
236694,"[2, 13, 31, 34]",Paranormasight: The Seven Mysteries of Honjo,"[19, 20, 43]",84.86294460305415,Square Enix,2025-08-23 04:07:24
36689,"[7, 33]",Love Live! School Idol Festival: After School Activity,[27],,Square Enix,2025-08-23 04:07:24
61003,[13],Pokémate,,,Square Enix,2025-08-23 04:07:24
112412,[12],Final Fantasy XIV: Shadowbringers,"[1, 17, 31, 38]",90.90630480397728,Square Enix,2025-08-23 04:07:24
301388,,Final Fantasy X/X-2 Ultimate Box,,,Square Enix,2025-08-23 04:07:24
147011,,Final Fantasy X/X-2 HD Remaster Twin Pack,,,Square Enix,2025-08-23 04:07:24
54550,[26],Itadaki Street: Dragon Quest & Final Fantasy 30th Anniversary,"[17, 40]",,Square Enix,2025-08-23 04:07:24
221997,[12],Kingdom Hearts Birth by Sleep Final Mix,[1],83.64464952853967,Square Enix,2025-08-23 04:07:24
221998,"[5, 8, 12, 25, 31]",Kingdom Hearts II Final Mix,"[1, 17, 27]",84.09071437721349,Square Enix,2025-08-23 04:07:24
143232,[12],Final Fantasy XIV: Endwalker,"[1, 17, 31, 38]",90.01924038317597,Square Enix,2025-08-23 04:07:24
41834,"[12, 15, 31]",Final Fantasy XIII-2: Collector's Edition,"[1, 17]",,Square Enix,2025-08-23 04:07:24
95923,"[16, 24]",Hagun Sangokushi,"[17, 22]",,Square Enix,2025-08-23 04:07:24
3989,[14],Mario Sports Mix,[1],72.95572445333099,Square Enix,2025-08-23 04:07:24
388,[12],Final Fantasy IV: The After Years,[17],61.39630596972503,Square Enix,2025-08-23 04:07:24
75680,"[4, 12, 31]",Final Fantasy XV: Ultimate Collector's Edition,"[1, 17, 18, 21, 33, 38]",,Square Enix,2025-08-23 04:07:24
127879,"[12, 31]",Final Fantasy VII & Final Fantasy VIII Remastered Twin Pack,"[1, 17]",,Square Enix,2025-08-23 04:07:24
21126,[15],Crystal Defenders R1,"[1, 17]",60.0,Square Enix,2025-08-23 04:07:24
307776,[12],Final Fantasy XIV Online: Complete Collector's Edition,"[1, 17, 31, 38]",,Square Enix,2025-08-23 04:07:24
283093,[12],Final Fantasy IV,"[1, 17]",,Square Enix,2025-08-23 04:07:24
18070,"[12, 31]",Chocobo no Fushigi na Dungeon,[17],70.0,Square Enix,2025-08-23 04:07:24
307773,[12],Final Fantasy XIV Online: Complete Edition,"[1, 17, 31, 38]",,Square Enix,2025-08-23 04:07:24
55049,"[12, 31]",Final Fantasy VII + VIII Double Pack,"[1, 17]",,Square Enix,2025-08-23 04:07:24
289563,[12],Estab Life: Unity Memories,"[1, 18]",,Square Enix,2025-08-23 04:07:24
122572,[33],Justice Monsters Five,,,Square Enix,2025-08-23 04:07:24
41841,"[12, 31]",World of Final Fantasy: Limited Edition,"[1, 17]",,Square Enix,2025-08-23 04:07:24
41852,"[12, 31]",Final Fantasy XI: The Vana'diel Collection,"[1, 17]",,Square Enix,2025-08-23 04:07:24
146852,"[12, 31]",Final Fantasy X-2 International + Last Mission,"[17, 18]",,Square Enix,2025-08-23 04:07:24
266734,"[12, 31]",Final Fantasy VII Rebirth: Deluxe Edition,"[1, 17]",,Square Enix,2025-08-23 04:07:24
41851,"[12, 31]",Final Fantasy XII: Collector's Edition,"[1, 17]",,Square Enix,2025-08-23 04:07:24
147061,,Final Fantasy X/X-2 HD Remaster: Limited Edition,,,Square Enix,2025-08-23 04:07:24
141504,,Crisis Core: Final Fantasy VII - Collector's Edition,,,Square Enix,2025-08-23 04:07:24
22905,[9],Chocobo Panic,,,Square Enix,2025-08-23 04:07:24
299106,[12],Platinum Demo: Final Fantasy XV,[1],,Square Enix,2025-08-23 04:07:24
266733,"[12, 31]",Final Fantasy VII Rebirth: Digital Deluxe Edition,"[1, 17]",,Square Enix,2025-08-23 04:07:24
271227,[12],Final Fantasy,,79.44674469653752,Square Enix,2025-08-23 04:07:24
152343,[12],Final Fantasy XIV: Endwalker - Collector's Edition,"[1, 17, 31, 38]",,Square Enix,2025-08-23 04:07:24
266738,"[12, 31]",Final Fantasy VII Remake & Rebirth: Digital Deluxe Twin Pack,"[1, 17]",,Square Enix,2025-08-23 04:07:24
41840,"[12, 31]",Final Fantasy XIII: Limited Collector's Edition,"[1, 17]",,Square Enix,2025-08-23 04:07:24
41837,"[12, 31]",Lightning Returns: Final Fantasy XIII - Target Steelbook Edition,"[1, 17]",,Square Enix,2025-08-23 04:07:24
7841,"[12, 31]",Kingdom Hearts HD 2.5 Remix,"[1, 17]",85.73189759111301,Square Enix,2025-08-23 04:07:24
42856,[12],Kingdom Hearts Birth by Sleep Final Mix,[1],76.5122151688143,Square Enix,2025-08-23 04:07:24
109275,"[12, 13]",Kingdom Hearts: VR Experience,"[1, 17]",,Square Enix,2025-08-23 04:07:24
121612,[12],The World Ends with You: Solo Remix,"[1, 31]",79.4371306179477,Square Enix,2025-08-23 04:07:24
117525,"[4, 12, 25, 31]",Kingdom Hearts Dream Drop Distance HD,"[1, 17]",73.51704870480074,Square Enix,2025-08-23 04:07:24
6630,[12],Sword of Mana,[1],76.33204655184178,Square Enix,2025-08-23 04:07:24
14159,"[12, 31]",Kingdom Hearts HD 2.8 Final Chapter Prologue,"[1, 17]",74.61511127901395,Square Enix,2025-08-23 04:07:24
293786,[12],Final Fantasy XIV Online: Complete Collector's Edition,"[1, 17, 31, 38]",,Square Enix,2025-08-23 04:07:24
18069,[12],Final Fantasy Fables: Chocobo's Dungeon,[17],79.0,Square Enix,2025-08-23 04:07:24
254337,"[12, 31]",Star Ocean: The Second Story R,"[1, 18, 35]",86.38469264922816,Square Enix,2025-08-23 04:07:24
283317,[12],Final Fantasy IV,"[1, 17]",,Square Enix,2025-08-23 04:07:24
276103,"[7, 12]",Theatrhythm: Final Bar Line - Final Fantasy XVI Pack,,,Square Enix,2025-08-23 04:07:24
136224,"[12, 31]",Final Fantasy XIV Online: Starter Edition,"[17, 38]",,Square Enix,2025-08-23 04:07:24
395,[12],Final Fantasy II,[17],70.09801805621127,Square Enix,2025-08-23 04:07:24
41839,[12],Final Fantasy XIV: A Realm Reborn - Collector's Edition,"[1, 17, 31, 38]",89.46200094970452,Square Enix,2025-08-23 04:07:24
76143,[12],Project Tokyo Dolls,[1],,Square Enix,2025-08-23 04:07:24
141281,"[12, 31]",SaGa Frontier Remastered,"[1, 17, 33]",76.4,Square Enix,2025-08-23 04:07:24
167106,[12],Final Fantasy XIV: Shadowbringers - Collector's Edition,"[1, 17, 31, 38]",,Square Enix,2025-08-23 04:07:24
80589,[12],Final Fantasy XI Online: Wings of the Goddess,"[1, 17]",,Square Enix,2025-08-23 04:07:24
14723,[12],Final Fantasy XIV: Heavensward,"[1, 17, 31]",87.52580271822798,Square Enix,2025-08-23 04:07:24
26625,[12],Final Fantasy XIV: Stormblood,"[1, 17, 31, 38]",86.08870373887501,Square Enix,2025-08-23 04:07:24
21899,"[12, 31]",Final Fantasy X HD Remaster,"[1, 17]",91.81523672779872,Square Enix,2025-08-23 04:07:24
384,"[11, 12, 31]",Final Fantasy XIII-2,"[17, 18, 44]",73.36662235736934,Square Enix,2025-08-23 04:07:24
279657,[12],Final Fantasy XVI: Echoes of the Fallen,"[1, 17]",81.7635217162969,Square Enix,2025-08-23 04:07:24
159205,"[12, 31]",Dragon Quest X: Tensei no Eiyuu-tachi Online,"[17, 38]",,Square Enix,2025-08-23 04:07:24
80877,"[4, 12, 31]",Final Fantasy XV: Royal Edition,"[1, 17, 18, 21, 33, 38]",75.68008958920286,Square Enix,2025-08-23 04:07:24
44101,[12],Dragon Quest X: All In One Package,[17],,Square Enix,2025-08-23 04:07:24
306474,"[12, 31]",Kingdom Hearts III + Re Mind,[1],,Square Enix,2025-08-23 04:07:24
51532,[12],Final Fantasy XIV: Heavensward - Collector's Edition,"[1, 17, 31]",,Square Enix,2025-08-23 04:07:24
131995,[12],Final Fantasy IV: Interlude,[17],,Square Enix,2025-08-23 04:07:24
307775,[12],Final Fantasy XIV: Dawntrail - Collector's Edition,"[1, 17, 31, 38]",,Square Enix,2025-08-23 04:07:24
115670,[4],Dissidia Final Fantasy NT: Free Edition,[1],50.0,Square Enix,2025-08-23 04:07:24
232811,"[12, 15, 16, 24]",Tactics Ogre: Let Us Cling Together - Premium Edition,"[17, 39]",,Square Enix,2025-08-23 04:07:24
174784,"[12, 31]",Deep Insanity Asylum,"[18, 43]",,Square Enix,2025-08-23 04:07:24
335489,"[12, 31, 34]",Radical Dreamers: Le Trésor Interdit,"[17, 31]",,Square Enix,2025-08-23 04:07:24
119576,"[12, 31]",Final Fantasy VII Remake: Digital Deluxe Edition,"[1, 17]",,Square Enix,2025-08-23 04:07:24
108156,"[12, 31]",Final Fantasy XV: Pocket Edition HD,"[1, 17]",74.42080888557467,Square Enix,2025-08-23 04:07:24
134226,"[12, 31]",Final Fantasy VII Remake: Deluxe Edition,"[1, 17]",,Square Enix,2025-08-23 04:07:24
186630,"[12, 31]",Final Fantasy Type-0 HD: Limited Edition,"[1, 17]",,Square Enix,2025-08-23 04:07:24
242131,"[12, 31]",Engage Kill,"[17, 31]",,Square Enix,2025-08-23 04:07:24
41831,"[12, 31]",Final Fantasy: Explorers - Collector's Edition,"[1, 17]",,Square Enix,2025-08-23 04:07:24
151865,"[12, 31]",Octopath Traveler: Traveler's Compendium Edition,[17],,Square Enix,2025-08-23 04:07:24
259338,[12],Final Fantasy XIV: Dawntrail,"[1, 17, 31, 38]",79.99285366375616,Square Enix,2025-08-23 04:07:24
69180,[31],Fullmetal Alchemist: Prince of the Dawn,[1],,Square Enix,2025-08-23 04:07:24
172426,"[10, 14, 33]",Chocobo GP,[40],68.10019071592045,Square Enix,2025-08-23 04:07:24
260191,"[12, 31]",Dragon Quest X: Mirai he no Tobira to Madoromi no Shoujo Online,"[17, 38]",,Square Enix,2025-08-23 04:07:24
68287,[5],Left Alive,"[1, 18, 21, 23, 39]",32.858409510188,Square Enix,2025-08-23 04:07:24
66513,"[15, 24]",The Tales of Bearsworth Manor: Chaotic Conflicts,"[1, 21]",,Square Enix,2025-08-23 04:07:24
27979,"[12, 31]",Kingdom Hearts HD 1.5 + 2.5 Remix,"[1, 17]",87.59508182126692,Square Enix,2025-08-23 04:07:24
111757,"[12, 31]",Dragon Quest Monsters: Terry no Wonderland SP,[17],,Square Enix,2025-08-23 04:07:24
41843,"[12, 31]",Final Fantasy XIII-2: Steelbook Edition,"[1, 17]",,Square Enix,2025-08-23 04:07:24
320421,[35],Kingdom Hearts: Card Struggle - Spider Solitaire,[17],,Square Enix,2025-08-23 04:07:24
44083,"[12, 16, 24]",Antique Carnevale,"[17, 39]",,Square Enix,2025-08-23 04:07:24
215058,"[12, 15, 35]",Voice of Cards: The Beasts of Burden,[17],73.0,Square Enix,2025-08-23 04:07:24
212758,"[12, 31]",Kingdom Hearts Final Mix,"[1, 17]",75.90042773365046,Square Enix,2025-08-23 04:07:24
167116,[12],Final Fantasy XIV: Stormblood - Collector's Edition,"[1, 17, 31, 38]",,Square Enix,2025-08-23 04:07:24
41845,"[12, 31]",Final Fantasy XIII-2: Limited Collector's Edition,"[1, 17]",,Square Enix,2025-08-23 04:07:24
89828,"[12, 31]",Chrono Trigger,"[1, 17]",90.0,Square Enix,2025-08-23 04:07:24
14144,[12],Final Fantasy X/X-2 HD Remaster,[17],85.62422962115937,Square Enix,2025-08-23 04:07:24
136130,[12],Kingdom Hearts III: Deluxe Edition,,,Square Enix,2025-08-23 04:07:24
10385,"[9, 12]",Gyromancer,,65.0,Square Enix,2025-08-23 04:07:24
306154,"[12, 24]",Romancing SaGa 2: Revenge of the Seven,[17],84.5,Square Enix,2025-08-23 04:07:24
141248,[7],Love Live! School Idol Festival: After School Activity - Wai-Wai! Home Meeting!!,[1],,Square Enix,2025-08-23 04:07:24
143616,"[12, 25, 31]",Legend of Mana,"[1, 17]",79.5,Square Enix,2025-08-23 04:07:24
16284,[8],Scary Girl,[1],58.125,Square Enix,2025-08-23 04:07:24
3988,[14],Mario Hoops 3-on-3,[1],61.45766823635689,Square Enix,2025-08-23 04:07:24
136742,"[12, 31]",Dragon Quest X: All In One Package - Versions 1-5,"[17, 38]",,Square Enix,2025-08-23 04:07:24
119373,"[12, 16, 31]",SaGa: Scarlet Grace - Ambitions,[17],77.33333333333333,Square Enix,2025-08-23 04:07:24
347643,,Killer Inn,[1],,Square Enix,2025-08-23 04:07:24
7356,"[8, 12, 25, 31]",Kingdom Hearts HD 1.5 Remix,"[1, 17, 27, 31, 35]",83.28394876543199,Square Enix,2025-08-23 04:07:24
41842,"[12, 31]",Final Fantasy Type-0 HD: Collector's Edition,"[1, 17]",,Square Enix,2025-08-23 04:07:24
164802,"[5, 12, 31]",Deus Ex: Mankind Divided - Digital Deluxe Edition,"[1, 18, 23]",,Square Enix,2025-08-23 04:07:24
90563,"[12, 31]",Final Fantasy XI: Ultimate Collection - Seekers Edition,"[1, 17]",80.0,Square Enix,2025-08-23 04:07:24
74384,"[12, 31]",Star Ocean: The Last Hope - 4K & Full HD Remaster,"[1, 18]",65.0,Square Enix,2025-08-23 04:07:24
231017,"[12, 31]",Final Fantasy III,"[1, 17]",,Square Enix,2025-08-23 04:07:24
75681,"[4, 12, 31]",Final Fantasy XV: Day One Edition,"[1, 17, 18, 21, 33, 38]",,Square Enix,2025-08-23 04:07:24
5550,"[12, 15, 16, 24, 31]",Tactics Ogre: Let Us Cling Together,"[17, 22, 33, 39, 44]",90.97504802037285,Square Enix,2025-08-23 04:07:24
203732,[12],Dragon Quest X: Inishie no Ryuu no Denshou Online,[17],,Square Enix,2025-08-23 04:07:24
81143,"[12, 31]",The World Ends with You: Final Remix,[1],65.91428866037663,Square Enix,2025-08-23 04:07:24
137130,"[12, 15, 31]",Collection of SaGa: Final Fantasy Legend,[17],77.5,Square Enix,2025-08-23 04:07:24
78326,[12],Bravely Default: Flying Fairy,"[1, 17]",,Square Enix,2025-08-23 04:07:24
174649,"[4, 12]",The Irregular at Magic High School Reloaded Memory,[17],,Square Enix,2025-08-23 04:07:24
338083,[12],Bravely Default: Flying Fairy - HD Remaster,[17],87.33333333333333,Square Enix,2025-08-23 04:07:24
386,[12],Final Fantasy XIV Online,"[1, 17, 31, 38]",83.46774741273856,Square Enix,2025-08-23 04:07:24
5418,"[12, 16, 31]",Super Mario RPG: Legend of the Seven Stars,"[1, 17, 27, 35]",88.44961953782371,Square Enix,2025-08-23 04:07:24
254332,"[12, 31]",Dragon Quest Monsters: The Dark Prince,"[17, 38]",74.0,Square Enix,2025-08-23 04:07:24
2449,[12],Lightning Returns: Final Fantasy XIII,"[1, 17, 18, 38]",70.45378018146354,Square Enix,2025-08-23 04:07:24
294870,"[12, 31]",SaGa Frontier 2 Remastered,"[17, 31, 39]",79.5,Square Enix,2025-08-23 04:07:24
191259,"[12, 15, 35]",Voice of Cards: The Forsaken Maiden,[17],74.0,Square Enix,2025-08-23 04:07:24
110075,,Tales Of Wedding Rings VR,,60.0,Square Enix,2025-08-23 04:07:24
69270,[13],Minna no Doubutsuen,[35],,Square Enix,2025-08-23 04:07:24
41638,"[12, 31]",Final Fantasy Type-0 HD: Fr4me Limited Edition,"[1, 17]",,Square Enix,2025-08-23 04:07:24
119066,"[5, 24]",Left Alive: Day One Edition,"[1, 18, 21, 23]",,Square Enix,2025-08-23 04:07:24
266737,"[12, 31]",Final Fantasy VII Remake & Rebirth: Twin Pack,"[1, 17]",,Square Enix,2025-08-23 04:07:24
36752,"[12, 31]",Kuroshitsuji: Phantom & Ghost,[1],,Square Enix,2025-08-23 04:07:24
131722,[12],Grimms Echoes,"[1, 17]",,Square Enix,2025-08-23 04:07:24
288144,[12],The World Ends With You: Live Remix,[1],,Square Enix,2025-08-23 04:07:24
85446,"[9, 15]",The Tales of Bearsworth Manor: Puzzling Pages,[17],,Square Enix,2025-08-23 04:07:24
71887,"[25, 31]",Soul Eater: Monotone Princess,[1],,Square Enix,2025-08-23 04:07:24
41836,"[4, 9, 12, 15, 31]",Final Fantasy X/X-2 HD Remaster: Limited Edition,"[1, 17]",,Square Enix,2025-08-23 04:07:24
293775,[12],Final Fantasy XIV Online: Complete Edition,"[1, 17, 31, 38]",,Square Enix,2025-08-23 04:07:24
47718,"[12, 15]",Front Mission,[18],,Square Enix,2025-08-23 04:07:24
89556,"[7, 13]",Idol Fantasy,"[17, 28]",,Square Enix,2025-08-23 04:07:24
271819,[12],Final Fantasy II,,,Square Enix,2025-08-23 04:07:24
28365,[11],Servant of Thrones,[17],,Square Enix,2025-08-23 04:07:24
115861,"[12, 16, 31]",Octopath Traveler: Champions of the Continent,[17],,Square Enix,2025-08-23 04:07:24
294213,[12],Final Fantasy XIII-2: Requiem of the Goddess,,,Square Enix,2025-08-23 04:07:24
214862,"[8, 9]",774 Deaths,"[1, 19]",,Square Enix,2025-08-23 04:07:24
27720,"[11, 15]",Flame VS Blaze,[17],,Square Enix,2025-08-23 04:07:24
289002,[12],Sangokushi Rumble,"[1, 17, 22, 39]",,Square Enix,2025-08-23 04:07:24
41072,[7],Schoolgirl Strikers: Twinkle Melodies,,,Square Enix,2025-08-23 04:07:24
65051,[35],Guardian Cross,[17],,Square Enix,2025-08-23 04:07:24
246605,"[2, 31]",Square Enix AI Tech Preview: The Portopia Serial Murder Case,"[34, 43]",,Square Enix,2025-08-23 04:07:24
233845,"[9, 33]",Kingdom Hearts Re:coded Gummiship Studio,,,Square Enix,2025-08-23 04:07:24
24854,"[12, 31]",Dragon Quest Monsters 2: Iru and Luca's Marvelous Mysterious Key,[17],,Square Enix,2025-08-23 04:07:24
68382,[12],Toji no Miko: Kizamishi Issen no Tomoshibi,[17],,Square Enix,2025-08-23 04:07:24
266735,"[12, 31]",Final Fantasy VII Rebirth: Collector's Edition,"[1, 17]",,Square Enix,2025-08-23 04:07:24
111022,"[5, 24]",Left Alive: Mech Edition,"[1, 18, 21, 23]",,Square Enix,2025-08-23 04:07:24
77766,[31],Fullmetal Alchemist: Daughter of the Dusk,[1],,Square Enix,2025-08-23 04:07:24
177617,[7],Show by Rock!! Fes A Live,,,Square Enix,2025-08-23 04:07:24
41838,"[12, 31]",Lightning Returns: Final Fantasy XIII - Steelbook Edition,"[1, 17]",,Square Enix,2025-08-23 04:07:24
302711,[9],Snoopy DS: Let's Go Meet Snoopy and His Friends!,,,Square Enix,2025-08-23 04:07:24
20285,[12],Kingdom Hearts coded,[1],,Square Enix,2025-08-23 04:07:24
284717,[5],Foamstars: Season 1,"[1, 40]",,Square Enix,2025-08-23 04:07:24
19930,"[12, 35]",Fortune Street,[40],67.0912006990714,Square Enix,2025-08-23 04:07:24
136350,"[12, 31]",Octopath Traveler: Wayfarer's Edition,[17],,Square Enix,2025-08-23 04:07:24
115448,"[12, 15, 31]",Last Idea,,,Square Enix,2025-08-23 04:07:24
147086,,Final Fantasy X/X-2 HD Remaster: Collector's Edition,,,Square Enix,2025-08-23 04:07:24
174127,[12],Dragon Quest X Offline: Deluxe Edition,[17],,Square Enix,2025-08-23 04:07:24
146907,[13],Densha de GO!,[32],,Square Enix,2025-08-23 04:07:24
1181,"[9, 12]",Lufia: Curse of the Sinistrals,[1],80.01502840854002,Square Enix,2025-08-23 04:07:24
279658,[12],Final Fantasy XVI: The Rising Tide,"[1, 17]",80.15323367603065,Square Enix,2025-08-23 04:07:24
21880,"[12, 31]",Final Fantasy X-2 HD Remaster,"[1, 17]",77.31595816803483,Square Enix,2025-08-23 04:07:24
16398,[31],Sleeping Dogs: Ghost Pig,[1],59.99871799605521,Square Enix,2025-08-23 04:07:24
217566,"[13, 31]",Ketsugou Danshi: Elements with Emotions,,,Square Enix,2025-08-23 04:07:24
9326,"[2, 9, 31]",Season of Mystery: The Cherry Blossom Murders,[43],60.0,Square Enix,2025-08-23 04:07:24
276515,"[12, 31]",Dragon Quest X: All In One Package - Versions 1-7,[17],,Square Enix,2025-08-23 04:07:24
80633,[31],3594e: Sangokushi Eiga,,,Square Enix,2025-08-23 04:07:24
242899,"[12, 31]",Bravely Second: The Ballad of the Three Cavaliers,[17],,Square Enix,2025-08-23 04:07:24
41833,"[12, 31]",Lightning Returns: Final Fantasy XIII - Collector's Edition,"[1, 17]",,Square Enix,2025-08-23 04:07:24
41848,"[4, 12]",Dissidia Duodecim Prologus: Final Fantasy,[1],70.0,Square Enix,2025-08-23 04:07:24
24403,[12],Akashic Re:cords,"[1, 17]",,Square Enix,2025-08-23 04:07:24
252044,"[12, 16, 31]",Dragon Quest X: Nemureru Yuusha to Michibiki no Meiyuu Offline,[17],,Square Enix,2025-08-23 04:07:24
15843,"[12, 15, 16]",Bahamut Lagoon,"[1, 17]",88.92207812295419,Square Enix,2025-08-23 04:07:24
72662,"[12, 16]",Front Mission 2089: Border of Madness,"[18, 39]",70.0,Square Enix,2025-08-23 04:07:24
52883,"[5, 12]",Deus Ex: Collection,"[1, 18, 23]",,Square Enix,2025-08-23 04:07:24
89878,[12],Bravely Default: Flying Fairy Collector's Pack,[17],,Square Enix,2025-08-23 04:07:24
323334,"[12, 15]",Ember Storia,[41],,Square Enix,2025-08-23 04:07:24
135980,[12],Dragon Quest XI: Echoes of an Elusive Age - Edition of Light,[17],,Square Enix,2025-08-23 04:07:24
89879,"[12, 25, 31]",Kingdom Hearts 10th Anniversary 3D+Days+Re:coded Box,"[1, 17]",,Square Enix,2025-08-23 04:07:24
136353,[12],Final Fantasy VII Remake: 1st Class Edition,"[1, 17]",,Square Enix,2025-08-23 04:07:24
26642,"[12, 16]",Kai-ri-Sei Million Arthur VR,[17],50.0,Square Enix,2025-08-23 04:07:24
267153,"[12, 16]",Octopath Traveler II + Various Daylife Bundle,[17],,Square Enix,2025-08-23 04:07:24
115277,"[12, 16, 31]",Dragon Quest XI: Echoes of an Elusive Age,[17],,Square Enix,2025-08-23 04:07:24
14840,"[13, 14]",Championship Manager 2008,,65.11175005903226,Square Enix,2025-08-23 04:07:24
318270,[12],Final Fantasy XIV: Crossroads,"[1, 17, 38]",,Square Enix,2025-08-23 04:07:24
279665,[12],Final Fantasy XVI Expansion Pass,[1],,Square Enix,2025-08-23 04:07:24
206320,"[12, 31]",Chrono Trigger,"[1, 17]",79.9442349426048,Square Enix,2025-08-23 04:07:24
272,[5],Unreal Tournament,[1],92.30586425389598,Epic Games,2025-08-20 22:50:33
273,"[5, 8]",Unreal,"[1, 18]",80.4337811051561,Epic Games,2025-08-20 22:50:33
492,[5],Gears of War 3,"[1, 18, 19]",89.42984042603914,Epic Games,2025-08-20 22:50:33
494,[5],Bulletstorm,"[1, 18, 27]",82.93874397972891,Epic Games,2025-08-20 22:50:33
547,[5],Gears of War,"[1, 18, 19]",82.46261863857468,Epic Games,2025-08-20 22:50:33
548,[5],Gears of War 2,"[1, 18]",86.91146787938895,Epic Games,2025-08-20 22:50:33
589,"[12, 15, 16]",Age of Wonders,"[17, 41]",84.73739295958677,Epic Games,2025-08-20 22:50:33
926,[5],Unreal Tournament 2003,"[1, 18]",83.23409297933526,Epic Games,2025-08-20 22:50:33
927,[5],Unreal Tournament 2004,"[1, 18]",85.55525134274271,Epic Games,2025-08-20 22:50:33
928,[5],Unreal Tournament III,"[1, 18]",79.56705628759795,Epic Games,2025-08-20 22:50:33
1319,[5],Gears of War: Judgment,"[1, 18]",73.2729124484618,Epic Games,2025-08-20 22:50:33
1905,"[5, 12, 13, 15, 31]",Fortnite,"[1, 21, 33, 38]",76.68274152977082,Epic Games,2025-08-20 22:50:33
2410,"[8, 12, 31]",ZZT,"[1, 17]",,Epic Games,2025-08-20 22:50:33
3167,"[5, 8, 31]",Jazz Jackrabbit,"[1, 18, 27]",81.55341169594888,Epic Games,2025-08-20 22:50:33
6220,[5],Unreal Championship,,79.9810817603842,Epic Games,2025-08-20 22:50:33
6221,[5],Unreal Championship 2: The Liandri Conflict,"[1, 18]",79.01299467966355,Epic Games,2025-08-20 22:50:33
9641,"[8, 9]",Jill of the Jungle,"[1, 17]",51.08108108108108,Epic Games,2025-08-20 22:50:33
9645,"[8, 31]",Jill Saves the Prince,"[1, 17]",,Epic Games,2025-08-20 22:50:33
9895,"[11, 15, 16, 31]",7th Legion,"[1, 17, 18, 39]",50.0,Epic Games,2025-08-20 22:50:33
10029,"[4, 12, 25, 31]",Infinity Blade,"[1, 17, 18]",67.38146468605808,Epic Games,2025-08-20 22:50:33
11328,"[5, 8, 9, 31]",Shadow Complex,"[1, 18, 39]",84.93188911577893,Epic Games,2025-08-20 22:50:33
14410,[36],Paragon,[18],77.53722987192543,Epic Games,2025-08-20 22:50:33
15263,[5],Unreal Tournament,"[1, 18]",77.76350398736751,Epic Games,2025-08-20 22:50:33
16605,[5],Gears of War: Ultimate Edition,"[1, 18, 19]",79.01522279121139,Epic Games,2025-08-20 22:50:33
20455,,Bullet Train,,,Epic Games,2025-08-20 22:50:33
20644,"[12, 31]",Infinity Blade II,[1],84.67230780058983,Epic Games,2025-08-20 22:50:33
20656,[5],Gears of War 3: Fenix Rising,"[1, 18]",70.0,Epic Games,2025-08-20 22:50:33
23264,[5],Gears of War 2: Dark Corners,[18],60.0,Epic Games,2025-08-20 22:50:33
24723,[5],Unreal Tournament: Game of the Year Edition,"[1, 18]",89.15920750599022,Epic Games,2025-08-20 22:50:33
26451,"[5, 33]",Robo Recall,"[1, 18]",89.3713082167705,Epic Games,2025-08-20 22:50:33
27431,"[12, 24]",Battle Breakers,"[1, 17]",,Epic Games,2025-08-20 22:50:33
27811,[5],Unreal Tournament 2004: Editor's Choice Edition,"[1, 18]",,Epic Games,2025-08-20 22:50:33
29116,"[5, 8]",Unreal Gold,"[1, 18]",75.13176406963281,Epic Games,2025-08-20 22:50:33
41599,[5],Gears of War 2: Limited Edition,"[1, 18]",,Epic Games,2025-08-20 22:50:33
46624,[5],Unreal Tournament III: Black Edition,"[1, 18]",88.81352185841789,Epic Games,2025-08-20 22:50:33
46640,[5],Bulletstorm: Limited Edition,"[1, 18, 27]",,Epic Games,2025-08-20 22:50:33
46656,"[12, 31]",Super ZZT,"[1, 17]",,Epic Games,2025-08-20 22:50:33
47450,[5],Gears of War: Limited Collector's Edition,,,Epic Games,2025-08-20 22:50:33
47465,[5],Gears of War 2: Game of the Year Edition,"[1, 18]",83.57373831984121,Epic Games,2025-08-20 22:50:33
47481,[5],Bulletstorm: Epic Edition,"[1, 18, 27]",,Epic Games,2025-08-20 22:50:33
50337,[8],Jill of the Jungle: Jill Saves the Prince,[1],,Epic Games,2025-08-20 22:50:33
50338,[8],Jill of the Jungle: Jill Goes Underground,[1],,Epic Games,2025-08-20 22:50:33
69633,"[8, 9, 33]",Jill of the Jungle: The Complete Trilogy,[1],,Epic Games,2025-08-20 22:50:33
80555,[5],Duty Calls,"[1, 27]",,Epic Games,2025-08-20 22:50:33
91847,[31],Epic Citadel,[17],,Epic Games,2025-08-20 22:50:33
93554,"[4, 33]",Vote: The Game,,65.0,Epic Games,2025-08-20 22:50:33
110839,"[5, 12, 13, 14, 31]",Fortnite: Deep Freeze Bundle,"[1, 21, 27, 33]",,Epic Games,2025-08-20 22:50:33
124976,"[8, 31]",Jazz Jackrabbit 2 Collection,[1],,Epic Games,2025-08-20 22:50:33
129870,[5],Fortnite: Season X,"[1, 21, 33]",32.85714285714285,Epic Games,2025-08-20 22:50:33
129871,[5],Fortnite: Season 9,"[1, 21, 33]",36.66666666666666,Epic Games,2025-08-20 22:50:33
129872,[5],Fortnite: Season 8,"[1, 21, 33]",58.33333333333333,Epic Games,2025-08-20 22:50:33
129873,[5],Fortnite: Season 7,"[1, 21, 33]",63.33333333333333,Epic Games,2025-08-20 22:50:33
129874,[5],Fortnite: Season 6,"[1, 21, 33]",62.5,Epic Games,2025-08-20 22:50:33
129875,[5],Fortnite: Season 5,"[1, 21, 33]",76.0,Epic Games,2025-08-20 22:50:33
129876,[5],Fortnite: Season 4,"[1, 21, 33]",71.62162162162163,Epic Games,2025-08-20 22:50:33
129877,[5],Fortnite: Season 3,"[1, 21, 33]",69.98009950248756,Epic Games,2025-08-20 22:50:33
129878,[5],Fortnite: Season 2,"[1, 21, 33]",65.71428571428571,Epic Games,2025-08-20 22:50:33
129880,[5],Fortnite: Chapter 2,"[1, 21, 33]",20.0,Epic Games,2025-08-20 22:50:33
129912,[5],Fortnite: Chapter 2 - Season 2,"[1, 21, 33]",66.0,Epic Games,2025-08-20 22:50:33
135138,[5],Fortnite: Chapter 2 - Season 3,"[1, 21, 33]",,Epic Games,2025-08-20 22:50:33
136314,[5],Gears of War: Triple Pack,"[1, 18, 19]",,Epic Games,2025-08-20 22:50:33
138342,[5],Fortnite: Chapter 2 - Season 4,"[1, 21, 33]",,Epic Games,2025-08-20 22:50:33
139889,[5],Fortnite: The Last Laugh Bundle,[1],,Epic Games,2025-08-20 22:50:33
140974,[5],Fortnite: Chapter 2 - Season 5,[1],,Epic Games,2025-08-20 22:50:33
145071,[5],Fortnite: Chapter 2 - Season 6,[1],,Epic Games,2025-08-20 22:50:33
151996,[5],Fortnite: Chapter 2 - Season 7,[1],,Epic Games,2025-08-20 22:50:33
171971,"[5, 12, 15]",Fortnite: Chapter 2 - Season 8,"[1, 21, 33, 38]",,Epic Games,2025-08-20 22:50:33
183639,"[5, 12, 15]",Fortnite: Chapter 3,"[1, 21, 33, 38]",,Epic Games,2025-08-20 22:50:33
185251,[5],The Matrix: Awakens - An Unreal Engine 5 Experience,"[1, 18]",67.68234505842054,Epic Games,2025-08-20 22:50:33
194664,"[5, 12, 15]",Fortnite: Chapter 3 - Season 2: Resistance,"[1, 21, 33, 38]",,Epic Games,2025-08-20 22:50:33
203486,[5],Fortnite: Chapter 3 - Season 3: Vibin',[1],,Epic Games,2025-08-20 22:50:33
212329,,Fortnite: Anime Legends Pack,[1],,Epic Games,2025-08-20 22:50:33
218104,"[5, 12, 15]",Fortnite: Chapter 3 - Season 4: Paradise,"[1, 21, 33, 38]",,Epic Games,2025-08-20 22:50:33
221948,,Fortnite: Minty Legends Pack,[1],,Epic Games,2025-08-20 22:50:33
225373,,Fortnite: Graveyard Drift Quest Pack,,,Epic Games,2025-08-20 22:50:33
225374,,Fortnite: Dark Reflections Pack,,,Epic Games,2025-08-20 22:50:33
225375,,Fortnite: Corrupted Legends Pack,,,Epic Games,2025-08-20 22:50:33
227104,,Fortnite: Summer Legends Pack,,,Epic Games,2025-08-20 22:50:33
227105,,Fortnite: Shadows Rising Pack,,,Epic Games,2025-08-20 22:50:33
227106,,Fortnite: Magma Masters Pack,,,Epic Games,2025-08-20 22:50:33
227107,,Fortnite: Lava Legends Pack,,,Epic Games,2025-08-20 22:50:33
228328,"[5, 12, 15]",Fortnite: Chapter 4,"[1, 21, 33, 38]",86.78361568596029,Epic Games,2025-08-20 22:50:33
237294,[5],Unreal Anthology,"[1, 18]",,Epic Games,2025-08-20 22:50:33
241495,[5],Fortnite: Chapter 4 - Season 2: Mega,[1],63.86108635674668,Epic Games,2025-08-20 22:50:33
243231,,Fortnite: Cross Comms Pack,,,Epic Games,2025-08-20 22:50:33
252488,[5],Fortnite: Chapter 4 - Season 3: Wilds,[1],,Epic Games,2025-08-20 22:50:33
254501,,Fortnite: Sapphire Hagiri Quest Pack,,,Epic Games,2025-08-20 22:50:33
254985,,Fortnite: Triarch Nox Crew Pack,,,Epic Games,2025-08-20 22:50:33
255268,,Fortnite: Transformers Pack,,,Epic Games,2025-08-20 22:50:33
255510,,Fortnite: Full Clip STW Pack,,,Epic Games,2025-08-20 22:50:33
256639,,Fortnite: Captain Hypatia's Level Up Quest Pack,,,Epic Games,2025-08-20 22:50:33
256925,[5],Fortnite: Season 1,"[1, 21, 33]",,Epic Games,2025-08-20 22:50:33
263398,[5],Fortnite: Chapter 4 - Season 4: Last Resort,[1],,Epic Games,2025-08-20 22:50:33
275141,"[5, 12, 15]",Fortnite: Chapter 4 - Season OG,"[1, 21, 33, 38]",,Epic Games,2025-08-20 22:50:33
277521,,Fortnite: The Final Reckoning Pack,,,Epic Games,2025-08-20 22:50:33
278837,"[5, 24]",Fortnite: Chapter 5 - Underground,[1],78.16272965879266,Epic Games,2025-08-20 22:50:33
279244,,Rocket League: Whiplash,,,Epic Games,2025-08-20 22:50:33
279676,[31],LEGO Fortnite: Odyssey,"[1, 33, 38]",66.1028170916031,Epic Games,2025-08-20 22:50:33
279764,[7],Fortnite Festival,"[1, 40]",66.21512172527984,Epic Games,2025-08-20 22:50:33
286428,,Black Fire,,,Epic Games,2025-08-20 22:50:33
288005,[7],Fortnite Festival: Season 2,"[1, 40]",,Epic Games,2025-08-20 22:50:33
290016,"[5, 12, 13, 15, 31]",Fortnite: Chill Vibez Pack,"[1, 21, 33, 38]",,Epic Games,2025-08-20 22:50:33
290301,"[5, 24]",Fortnite: Chapter 5 - Season 2: Myths & Mortals,,,Epic Games,2025-08-20 22:50:33
299072,[5],Gears of War 2: All Fronts Collection,"[1, 18, 39]",,Epic Games,2025-08-20 22:50:33
299445,[7],Fortnite Festival: Season 3,"[1, 40]",,Epic Games,2025-08-20 22:50:33
299996,[5],Gears of War 2: Flashback Map Pack,"[1, 39]",,Epic Games,2025-08-20 22:50:33
299997,[5],Gears of War 2: Combustible Map Pack,"[1, 39]",,Epic Games,2025-08-20 22:50:33
299998,[5],Gears of War 2: Snowblind Map Pack,"[1, 39]",,Epic Games,2025-08-20 22:50:33
302611,,Fortnite: Chapter 5 - Season 3: Wrecked,,85.68539325842696,Epic Games,2025-08-20 22:50:33
303531,"[5, 12, 13, 15, 31]",Fortnite: Crimson Warden Pack,"[1, 21, 33, 38]",,Epic Games,2025-08-20 22:50:33
305602,[7],Fortnite Festival: Season 4,"[1, 40]",,Epic Games,2025-08-20 22:50:33
305610,,Fortnite: Checkered Past Pack,,,Epic Games,2025-08-20 22:50:33
308364,[9],Unreal Match 3,,,Epic Games,2025-08-20 22:50:33
313311,[5],Fortnite: Chapter 5 - Season 4: Absolute Doom,[21],,Epic Games,2025-08-20 22:50:33
313434,[7],Fortnite Festival: Season 5,"[1, 40]",,Epic Games,2025-08-20 22:50:33
318648,"[5, 12, 13, 15, 31]",Fortnite: Sun & Scales Pack,"[1, 21, 33, 38]",,Epic Games,2025-08-20 22:50:33
318793,,Gears of War,,79.58672734599998,Epic Games,2025-08-20 22:50:33
321386,[5],Fortnite: Chapter 2 Remix,"[1, 21]",,Epic Games,2025-08-20 22:50:33
322820,[7],Fortnite Festival: Season 6,,,Epic Games,2025-08-20 22:50:33
323914,[5],Fortnite: Chapter 6 - Season 1: Demon Hunters,"[1, 21]",,Epic Games,2025-08-20 22:50:33
324915,"[5, 12, 13, 15, 31]",Fortnite OG,"[1, 21, 33, 38]",,Epic Games,2025-08-20 22:50:33
324921,"[5, 12, 13, 15, 31]",Fortnite Reload,"[1, 21, 33, 38]",,Epic Games,2025-08-20 22:50:33
325281,"[5, 13, 15]",Fortnite Ballistic,"[1, 21]",,Epic Games,2025-08-20 22:50:33
325544,"[13, 31]",LEGO Fortnite: Brick Life,"[1, 33, 38]",,Epic Games,2025-08-20 22:50:33
325855,,Fortnite: Agency Renegades Pack,,,Epic Games,2025-08-20 22:50:33
330838,"[5, 12, 13, 15, 31]",Fortnite OG: Chapter 1 Season 2,"[1, 21, 33, 38]",,Epic Games,2025-08-20 22:50:33
331962,[5],Fortnite: Darkest Grumblings Pack,[1],,Epic Games,2025-08-20 22:50:33
332192,[5],Fortnite: Chapter 6 - Season 2: Lawless,"[1, 21]",,Epic Games,2025-08-20 22:50:33
332827,,Fortnite: Darkest Grumblings Pack,,,Epic Games,2025-08-20 22:50:33
342490,"[5, 12, 13, 15, 31]",Fortnite OG: Chapter 1 Season 3,"[1, 21, 33, 38]",,Epic Games,2025-08-20 22:50:33
342555,[5],Fortnite: Chapter 6 - Mini Season 1: Galactic Battle,"[1, 17, 18]",,Epic Games,2025-08-20 22:50:33
344000,[33],Tappy Chicken,[1],,Epic Games,2025-08-20 22:50:33
344230,[13],Epic Zen Garden,[34],,Epic Games,2025-08-20 22:50:33
347930,[5],Fortnite: Chapter 6 - Season 3: Super,"[1, 17, 18]",,Epic Games,2025-08-20 22:50:33
349044,[5],Fortnite OG: Chapter 1 Season 4,,,Epic Games,2025-08-20 22:50:33
360278,,Fortnite: Chapter 6 - Season 4: Shock 'N Awesome,,,Epic Games,2025-08-20 22:50:33
361184,[5],Fortnite OG: Chapter 1 Season 5,,,Epic Games,2025-08-20 22:50:33
