genres,name,themes,total_rating,company,updated_at,Adventure,Arcade,Card & Board Game,Fighting,Hack and slash/Beat 'em up,MOBA,Music,Pinball,Platform,Point-and-click,Puzzle,Quiz/Trivia,Racing,Real Time Strategy (RTS),Role-playing (RPG),Shooter,Simulator,Sport,Strategy,Tactical,Turn-based strategy (TBS),Visual Novel,"4X (explore, expand, exploit, and exterminate)",Action,Comedy,Drama,Educational,Fantasy,Historical,Horror,Kids,Mystery,Non-fiction,Open world,Party,Romance,Sandbox,Science fiction,Stealth,Survival,Thriller,Warfare
['Fighting'],Ultimate Mortal Kombat 3,"['Action', 'Fantasy', 'Horror']",69.9308555560723,Electronic Arts,2025-10-24 17:45:31,0,0,0,1,0,0,0,0,0,0,0,0,0,0,0,0,0,0,0,0,0,0,0,1,0,0,0,1,0,1,0,0,0,0,0,0,0,0,0,0,0,0
['Simulator'],LHX: Attack Chopper,"['Action', 'Warfare']",76.52637405440868,Electronic Arts,2025-10-24 17:45:31,0,0,0,0,0,0,0,0,0,0,0,0,0,0,0,0,1,0,0,0,0,0,0,1,0,0,0,0,0,0,0,0,0,0,0,0,0,0,0,0,0,1
['Adventure'],Harry Potter and the Order of the Phoenix,"['Action', 'Fantasy', 'Open world']",62.22374051926831,Electronic Arts,2025-10-24 17:45:31,1,0,0,0,0,0,0,0,0,0,0,0,0,0,0,0,0,0,0,0,0,0,0,1,0,0,0,1,0,0,0,0,0,1,0,0,0,0,0,0,0,0
"['Fighting', 'Racing']",Road Rash,['Action'],68.58836050002495,Electronic Arts,2025-10-24 17:45:31,0,0,0,1,0,0,0,0,0,0,0,0,1,0,0,0,0,0,0,0,0,0,0,1,0,0,0,0,0,0,0,0,0,0,0,0,0,0,0,0,0,0
"['Fighting', 'Sport']",WCW Backstage Assault,['Action'],47.10004221190376,Electronic Arts,2025-10-24 17:45:31,0,0,0,1,0,0,0,0,0,0,0,0,0,0,0,0,0,1,0,0,0,0,0,1,0,0,0,0,0,0,0,0,0,0,0,0,0,0,0,0,0,0
"['Fighting', 'Sport']",WCW Mayhem,['Action'],58.93866738102808,Electronic Arts,2025-10-24 17:45:31,0,0,0,1,0,0,0,0,0,0,0,0,0,0,0,0,0,1,0,0,0,0,0,1,0,0,0,0,0,0,0,0,0,0,0,0,0,0,0,0,0,0
['Adventure'],Harry Potter and the Goblet of Fire,"['Action', 'Fantasy']",58.88289900058359,Electronic Arts,2025-10-24 17:45:31,1,0,0,0,0,0,0,0,0,0,0,0,0,0,0,0,0,0,0,0,0,0,0,1,0,0,0,1,0,0,0,0,0,0,0,0,0,0,0,0,0,0
['Shooter'],Jungle Strike,"['Action', 'Historical', 'Warfare']",68.46132454799175,Electronic Arts,2025-10-24 17:45:31,0,0,0,0,0,0,0,0,0,0,0,0,0,0,0,1,0,0,0,0,0,0,0,1,0,0,0,0,1,0,0,0,0,0,0,0,0,0,0,0,0,1
"[""Hack and slash/Beat 'em up""]",Sword of Sodan,"['Action', 'Fantasy']",40.29748087867635,Electronic Arts,2025-10-24 17:45:31,0,0,0,0,1,0,0,0,0,0,0,0,0,0,0,0,0,0,0,0,0,0,0,1,0,0,0,1,0,0,0,0,0,0,0,0,0,0,0,0,0,0
"['Fighting', 'Simulator', 'Sport']",Budokan: The Martial Spirit,['Non-fiction'],50.77447018622372,Electronic Arts,2025-10-24 17:45:31,0,0,0,1,0,0,0,0,0,0,0,0,0,0,0,0,1,1,0,0,0,0,0,0,0,0,0,0,0,0,0,0,1,0,0,0,0,0,0,0,0,0
"['Fighting', 'Racing']",Road Rash II,['Action'],77.12676155101616,Electronic Arts,2025-10-24 17:45:31,0,0,0,1,0,0,0,0,0,0,0,0,1,0,0,0,0,0,0,0,0,0,0,1,0,0,0,0,0,0,0,0,0,0,0,0,0,0,0,0,0,0
"['Simulator', 'Sport']",Madden NFL 96,,48.98518196629534,Electronic Arts,2025-10-24 17:45:31,0,0,0,0,0,0,0,0,0,0,0,0,0,0,0,0,1,1,0,0,0,0,0,0,0,0,0,0,0,0,0,0,0,0,0,0,0,0,0,0,0,0
['Shooter'],Harry Potter and the Deathly Hallows: Part 1,"['Action', 'Fantasy', 'Stealth']",44.12881231824802,Electronic Arts,2025-10-24 17:45:31,0,0,0,0,0,0,0,0,0,0,0,0,0,0,0,1,0,0,0,0,0,0,0,1,0,0,0,1,0,0,0,0,0,0,0,0,0,0,1,0,0,0
['Shooter'],Harry Potter and the Deathly Hallows: Part 2,"['Action', 'Fantasy']",38.20092830473904,Electronic Arts,2025-10-24 17:45:31,0,0,0,0,0,0,0,0,0,0,0,0,0,0,0,1,0,0,0,0,0,0,0,1,0,0,0,1,0,0,0,0,0,0,0,0,0,0,0,0,0,0
['Simulator'],SimAnimals,,63.64678899082569,Electronic Arts,2025-10-24 17:45:31,0,0,0,0,0,0,0,0,0,0,0,0,0,0,0,0,1,0,0,0,0,0,0,0,0,0,0,0,0,0,0,0,0,0,0,0,0,0,0,0,0,0
['Simulator'],688 Attack Sub,['Warfare'],62.98245614035088,Electronic Arts,2025-10-24 17:45:31,0,0,0,0,0,0,0,0,0,0,0,0,0,0,0,0,1,0,0,0,0,0,0,0,0,0,0,0,0,0,0,0,0,0,0,0,0,0,0,0,0,1
['Sport'],Joe Montana Football,,68.39914906605233,Electronic Arts,2025-10-24 17:45:31,0,0,0,0,0,0,0,0,0,0,0,0,0,0,0,0,0,1,0,0,0,0,0,0,0,0,0,0,0,0,0,0,0,0,0,0,0,0,0,0,0,0
"['Role-playing (RPG)', 'Simulator', 'Strategy']",The Sims: Vacation,"['Fantasy', 'Comedy', 'Sandbox', 'Romance']",71.78496823986984,Electronic Arts,2025-10-24 17:45:31,0,0,0,0,0,0,0,0,0,0,0,0,0,0,1,0,1,0,1,0,0,0,0,0,1,0,0,1,0,0,0,0,0,0,0,1,1,0,0,0,0,0
"['Shooter', 'Strategy']",Desert Strike: Return to the Gulf,"['Action', 'Warfare']",78.72503920602026,Electronic Arts,2025-10-24 17:45:31,0,0,0,0,0,0,0,0,0,0,0,0,0,0,0,1,0,0,1,0,0,0,0,1,0,0,0,0,0,0,0,0,0,0,0,0,0,0,0,0,0,1
['Simulator'],Haunting Starring Polterguy,"['Action', 'Horror', 'Comedy']",89.69946085116226,Electronic Arts,2025-10-24 17:45:31,0,0,0,0,0,0,0,0,0,0,0,0,0,0,0,0,1,0,0,0,0,0,0,1,1,0,0,0,0,1,0,0,0,0,0,0,0,0,0,0,0,0
['Sport'],Tiger Woods PGA Tour 2002,,84.33333333333333,Electronic Arts,2025-10-24 17:45:31,0,0,0,0,0,0,0,0,0,0,0,0,0,0,0,0,0,1,0,0,0,0,0,0,0,0,0,0,0,0,0,0,0,0,0,0,0,0,0,0,0,0
['Sport'],Ski or Die,"['Action', 'Comedy']",64.05209902249699,Electronic Arts,2025-10-24 17:45:31,0,0,0,0,0,0,0,0,0,0,0,0,0,0,0,0,0,1,0,0,0,0,0,1,1,0,0,0,0,0,0,0,0,0,0,0,0,0,0,0,0,0
"['Racing', 'Sport', 'Arcade']",Skate or Die,['Action'],67.03142839038608,Electronic Arts,2025-10-24 17:45:31,0,1,0,0,0,0,0,0,0,0,0,0,1,0,0,0,0,1,0,0,0,0,0,1,0,0,0,0,0,0,0,0,0,0,0,0,0,0,0,0,0,0
['Sport'],PGA Tour Golf,,74.93046444647901,Electronic Arts,2025-10-24 17:45:31,0,0,0,0,0,0,0,0,0,0,0,0,0,0,0,0,0,1,0,0,0,0,0,0,0,0,0,0,0,0,0,0,0,0,0,0,0,0,0,0,0,0
"['Shooter', 'Real Time Strategy (RTS)', 'Strategy', 'Tactical']",Space Hulk,"['Action', 'Science fiction', 'Warfare']",60.94050768334096,Electronic Arts,2025-10-24 17:45:31,0,0,0,0,0,0,0,0,0,0,0,0,0,1,0,1,0,0,1,1,0,0,0,1,0,0,0,0,0,0,0,0,0,0,0,0,0,1,0,0,0,1
['Simulator'],The Sims 3: Riverview,['Sandbox'],59.89467366461358,Electronic Arts,2025-10-24 17:45:31,0,0,0,0,0,0,0,0,0,0,0,0,0,0,0,0,1,0,0,0,0,0,0,0,0,0,0,0,0,0,0,0,0,0,0,0,1,0,0,0,0,0
['Shooter'],Shockwave Assault,"['Action', 'Science fiction']",40.0,Electronic Arts,2025-10-24 17:45:31,0,0,0,0,0,0,0,0,0,0,0,0,0,0,0,1,0,0,0,0,0,0,0,1,0,0,0,0,0,0,0,0,0,0,0,0,0,1,0,0,0,0
['Sport'],Jordan vs. Bird: One on One,"['Action', 'Non-fiction']",79.17477221892219,Electronic Arts,2025-10-24 17:45:31,0,0,0,0,0,0,0,0,0,0,0,0,0,0,0,0,0,1,0,0,0,0,0,1,0,0,0,0,0,0,0,0,1,0,0,0,0,0,0,0,0,0
"['Shooter', 'Simulator', 'Strategy', 'Adventure']",Soviet Strike,"['Action', 'Warfare']",69.91981029132725,Electronic Arts,2025-10-24 17:45:31,1,0,0,0,0,0,0,0,0,0,0,0,0,0,0,1,1,0,1,0,0,0,0,1,0,0,0,0,0,0,0,0,0,0,0,0,0,0,0,0,0,1
['Sport'],FIFA Manager 06,,75.11485330557129,Electronic Arts,2025-10-24 17:45:31,0,0,0,0,0,0,0,0,0,0,0,0,0,0,0,0,0,1,0,0,0,0,0,0,0,0,0,0,0,0,0,0,0,0,0,0,0,0,0,0,0,0
['Sport'],FIFA Soccer,,76.75,Electronic Arts,2025-10-24 17:45:31,0,0,0,0,0,0,0,0,0,0,0,0,0,0,0,0,0,1,0,0,0,0,0,0,0,0,0,0,0,0,0,0,0,0,0,0,0,0,0,0,0,0
['Sport'],FIFA 12: UEFA Euro 2012,,60.0,Electronic Arts,2025-10-24 17:45:31,0,0,0,0,0,0,0,0,0,0,0,0,0,0,0,0,0,1,0,0,0,0,0,0,0,0,0,0,0,0,0,0,0,0,0,0,0,0,0,0,0,0
"['Simulator', 'Sport']",NBA Live 98,,59.86147397962028,Electronic Arts,2025-10-24 17:45:31,0,0,0,0,0,0,0,0,0,0,0,0,0,0,0,0,1,1,0,0,0,0,0,0,0,0,0,0,0,0,0,0,0,0,0,0,0,0,0,0,0,0
"['Platform', 'Sport']",Michael Jordan: Chaos in the Windy City,"['Action', 'Horror']",54.79780452827227,Electronic Arts,2025-10-24 17:45:31,0,0,0,0,0,0,0,0,1,0,0,0,0,0,0,0,0,1,0,0,0,0,0,1,0,0,0,0,0,1,0,0,0,0,0,0,0,0,0,0,0,0
['Sport'],FIFA Soccer 2003,,53.12632907608808,Electronic Arts,2025-10-24 17:45:31,0,0,0,0,0,0,0,0,0,0,0,0,0,0,0,0,0,1,0,0,0,0,0,0,0,0,0,0,0,0,0,0,0,0,0,0,0,0,0,0,0,0
"['Simulator', 'Adventure']",Littlest Pet Shop: Winter,['Kids'],80.0,Electronic Arts,2025-10-24 17:45:31,1,0,0,0,0,0,0,0,0,0,0,0,0,0,0,0,1,0,0,0,0,0,0,0,0,0,0,0,0,0,1,0,0,0,0,0,0,0,0,0,0,0
['Sport'],FIFA 18: Ronaldo Edition,,50.0,Electronic Arts,2025-10-24 17:45:31,0,0,0,0,0,0,0,0,0,0,0,0,0,0,0,0,0,1,0,0,0,0,0,0,0,0,0,0,0,0,0,0,0,0,0,0,0,0,0,0,0,0
['Sport'],FIFA 18: ICON Edition,,50.0,Electronic Arts,2025-10-24 17:45:31,0,0,0,0,0,0,0,0,0,0,0,0,0,0,0,0,0,1,0,0,0,0,0,0,0,0,0,0,0,0,0,0,0,0,0,0,0,0,0,0,0,0
['Real Time Strategy (RTS)'],Command & Conquer: Generals - Deluxe Edition,"['Science fiction', 'Warfare']",70.0,Electronic Arts,2025-10-24 17:45:31,0,0,0,0,0,0,0,0,0,0,0,0,0,1,0,0,0,0,0,0,0,0,0,0,0,0,0,0,0,0,0,0,0,0,0,0,0,1,0,0,0,1
"['Simulator', 'Sport']",EA Sports FC Online,['Action'],58.20224719101123,Electronic Arts,2025-10-24 17:45:31,0,0,0,0,0,0,0,0,0,0,0,0,0,0,0,0,1,1,0,0,0,0,0,1,0,0,0,0,0,0,0,0,0,0,0,0,0,0,0,0,0,0
['Adventure'],Harry Potter and the Prisoner of Azkaban,,80.47952981369221,Electronic Arts,2025-10-24 17:45:31,1,0,0,0,0,0,0,0,0,0,0,0,0,0,0,0,0,0,0,0,0,0,0,0,0,0,0,0,0,0,0,0,0,0,0,0,0,0,0,0,0,0
['Sport'],FIFA 19: Champions Edition,['Non-fiction'],57.30796346027461,Electronic Arts,2025-10-24 17:45:31,0,0,0,0,0,0,0,0,0,0,0,0,0,0,0,0,0,1,0,0,0,0,0,0,0,0,0,0,0,0,0,0,1,0,0,0,0,0,0,0,0,0
['Sport'],FIFA 2000: Major League Soccer,,69.77080361577863,Electronic Arts,2025-10-24 17:45:31,0,0,0,0,0,0,0,0,0,0,0,0,0,0,0,0,0,1,0,0,0,0,0,0,0,0,0,0,0,0,0,0,0,0,0,0,0,0,0,0,0,0
['Adventure'],Harry Potter and the Chamber of Secrets,"['Action', 'Fantasy']",74.54304595082002,Electronic Arts,2025-10-24 17:45:31,1,0,0,0,0,0,0,0,0,0,0,0,0,0,0,0,0,0,0,0,0,0,0,1,0,0,0,1,0,0,0,0,0,0,0,0,0,0,0,0,0,0
['Adventure'],Harry Potter and the Goblet of Fire,"['Action', 'Fantasy']",0.0,Electronic Arts,2025-10-24 17:45:31,1,0,0,0,0,0,0,0,0,0,0,0,0,0,0,0,0,0,0,0,0,0,0,1,0,0,0,1,0,0,0,0,0,0,0,0,0,0,0,0,0,0
['Sport'],FC Mobile,['Non-fiction'],74.97645211930927,Electronic Arts,2025-10-24 17:45:31,0,0,0,0,0,0,0,0,0,0,0,0,0,0,0,0,0,1,0,0,0,0,0,0,0,0,0,0,0,0,0,0,1,0,0,0,0,0,0,0,0,0
"['Role-playing (RPG)', 'Strategy', 'MOBA']",League of Legends,"['Action', 'Fantasy']",79.56678741655003,Riot Games,2025-09-04 19:04:30,0,0,0,0,0,1,0,0,0,0,0,0,0,0,1,0,0,0,1,0,0,0,0,1,0,0,0,1,0,0,0,0,0,0,0,0,0,0,0,0,0,0
"['Strategy', 'Turn-based strategy (TBS)', 'Tactical', 'Card & Board Game']",Teamfight Tactics,['Fantasy'],81.44460408350893,Riot Games,2025-09-04 19:04:30,0,0,1,0,0,0,0,0,0,0,0,0,0,0,0,0,0,0,1,1,1,0,0,0,0,0,0,1,0,0,0,0,0,0,0,0,0,0,0,0,0,0
"['Strategy', 'MOBA']",League of Legends: Wild Rift,"['Action', 'Fantasy']",70.58559591351809,Riot Games,2025-09-04 19:04:30,0,0,0,0,0,1,0,0,0,0,0,0,0,0,0,0,0,0,1,0,0,0,0,1,0,0,0,1,0,0,0,0,0,0,0,0,0,0,0,0,0,0
"['Strategy', 'Turn-based strategy (TBS)', 'Card & Board Game']",Legends of Runeterra,['Fantasy'],78.80480568818584,Riot Games,2025-09-04 19:04:30,0,0,1,0,0,0,0,0,0,0,0,0,0,0,0,0,0,0,1,0,1,0,0,0,0,0,0,1,0,0,0,0,0,0,0,0,0,0,0,0,0,0
"['Shooter', 'Tactical']",Valorant,"['Action', 'Fantasy', 'Science fiction']",75.0362848185992,Riot Games,2025-09-04 19:04:30,0,0,0,0,0,0,0,0,0,0,0,0,0,0,0,1,0,0,0,1,0,0,0,1,0,0,0,1,0,0,0,0,0,0,0,0,0,1,0,0,0,0
['Fighting'],2XKO,['Action'],70.08955223880596,Riot Games,2025-09-04 19:04:30,0,0,0,1,0,0,0,0,0,0,0,0,0,0,0,0,0,0,0,0,0,0,0,1,0,0,0,0,0,0,0,0,0,0,0,0,0,0,0,0,0,0
"['Real Time Strategy (RTS)', 'Role-playing (RPG)', 'Adventure']",Final Fantasy XIII-2,"['Fantasy', 'Science fiction', 'Romance']",73.36555526580405,Square Enix,2025-10-24 23:29:35,1,0,0,0,0,0,0,0,0,0,0,0,0,1,1,0,0,0,0,0,0,0,0,0,0,0,0,1,0,0,0,0,0,0,0,1,0,1,0,0,0,0
['Role-playing (RPG)'],Final Fantasy XIV Online,"['Action', 'Fantasy', 'Drama', 'Open world']",83.46320884898171,Square Enix,2025-10-24 23:29:35,0,0,0,0,0,0,0,0,0,0,0,0,0,0,1,0,0,0,0,0,0,0,0,1,0,1,0,1,0,0,0,0,0,1,0,0,0,0,0,0,0,0
['Role-playing (RPG)'],Final Fantasy IV: The After Years,['Fantasy'],61.39630596972503,Square Enix,2025-10-24 23:29:35,0,0,0,0,0,0,0,0,0,0,0,0,0,0,1,0,0,0,0,0,0,0,0,0,0,0,0,1,0,0,0,0,0,0,0,0,0,0,0,0,0,0
['Role-playing (RPG)'],Final Fantasy II,['Fantasy'],70.07793243474173,Square Enix,2025-10-24 23:29:35,0,0,0,0,0,0,0,0,0,0,0,0,0,0,1,0,0,0,0,0,0,0,0,0,0,0,0,1,0,0,0,0,0,0,0,0,0,0,0,0,0,0
"['Puzzle', 'Role-playing (RPG)']",Lufia: Curse of the Sinistrals,['Action'],80.01502840854002,Square Enix,2025-10-24 23:29:35,0,0,0,0,0,0,0,0,0,0,1,0,0,0,1,0,0,0,0,0,0,0,0,1,0,0,0,0,0,0,0,0,0,0,0,0,0,0,0,0,0,0
['Role-playing (RPG)'],Lightning Returns: Final Fantasy XIII,"['Action', 'Fantasy', 'Science fiction', 'Open world']",70.45488846900884,Square Enix,2025-10-24 23:29:35,0,0,0,0,0,0,0,0,0,0,0,0,0,0,1,0,0,0,0,0,0,0,0,1,0,0,0,1,0,0,0,0,0,1,0,0,0,1,0,0,0,0
['Sport'],Mario Hoops 3-on-3,['Action'],61.45766823635689,Square Enix,2025-10-24 23:29:35,0,0,0,0,0,0,0,0,0,0,0,0,0,0,0,0,0,1,0,0,0,0,0,1,0,0,0,0,0,0,0,0,0,0,0,0,0,0,0,0,0,0
['Sport'],Mario Sports Mix,['Action'],72.95572445333099,Square Enix,2025-10-24 23:29:35,0,0,0,0,0,0,0,0,0,0,0,0,0,0,0,0,0,1,0,0,0,0,0,1,0,0,0,0,0,0,0,0,0,0,0,0,0,0,0,0,0,0
"['Role-playing (RPG)', 'Adventure']",Super Mario RPG: Legend of the Seven Stars,"['Action', 'Fantasy', 'Comedy', 'Kids']",88.44945706494047,Square Enix,2025-10-24 23:29:35,1,0,0,0,0,0,0,0,0,0,0,0,0,0,1,0,0,0,0,0,0,0,0,1,1,0,0,1,0,0,1,0,0,0,0,0,0,0,0,0,0,0
"['Role-playing (RPG)', 'Strategy', 'Turn-based strategy (TBS)', 'Tactical', 'Adventure']",Tactics Ogre: Let Us Cling Together,"['Fantasy', 'Historical', 'Sandbox', 'Warfare', 'Romance']",90.97504802037285,Square Enix,2025-10-24 23:29:35,1,0,0,0,0,0,0,0,0,0,0,0,0,0,1,0,0,0,1,1,1,0,0,0,0,0,0,1,1,0,0,0,0,0,0,1,1,0,0,0,0,1
['Role-playing (RPG)'],Sword of Mana,['Action'],76.33204655184178,Square Enix,2025-10-24 23:29:35,0,0,0,0,0,0,0,0,0,0,0,0,0,0,1,0,0,0,0,0,0,0,0,1,0,0,0,0,0,0,0,0,0,0,0,0,0,0,0,0,0,0
"['Platform', 'Role-playing (RPG)', ""Hack and slash/Beat 'em up"", 'Adventure']",Kingdom Hearts HD 1.5 Remix,"['Action', 'Fantasy', 'Comedy', 'Drama', 'Kids']",83.28394876543199,Square Enix,2025-10-24 23:29:35,1,0,0,0,1,0,0,0,1,0,0,0,0,0,1,0,0,0,0,0,0,0,0,1,1,1,0,1,0,0,1,0,0,0,0,0,0,0,0,0,0,0
"['Role-playing (RPG)', 'Adventure']",Kingdom Hearts HD 2.5 Remix,"['Action', 'Fantasy']",85.73189759111301,Square Enix,2025-10-24 23:29:35,1,0,0,0,0,0,0,0,0,0,0,0,0,0,1,0,0,0,0,0,0,0,0,1,0,0,0,1,0,0,0,0,0,0,0,0,0,0,0,0,0,0
"['Point-and-click', 'Puzzle', 'Adventure']",Season of Mystery: The Cherry Blossom Murders,['Mystery'],60.0,Square Enix,2025-10-24 23:29:35,1,0,0,0,0,0,0,0,0,1,1,0,0,0,0,0,0,0,0,0,0,0,0,0,0,0,0,0,0,0,0,1,0,0,0,0,0,0,0,0,0,0
"['Puzzle', 'Role-playing (RPG)']",Gyromancer,,65.0,Square Enix,2025-10-24 23:29:35,0,0,0,0,0,0,0,0,0,0,1,0,0,0,1,0,0,0,0,0,0,0,0,0,0,0,0,0,0,0,0,0,0,0,0,0,0,0,0,0,0,0
['Role-playing (RPG)'],Final Fantasy X/X-2 HD Remaster,['Fantasy'],85.62422962115937,Square Enix,2025-10-24 23:29:35,0,0,0,0,0,0,0,0,0,0,0,0,0,0,1,0,0,0,0,0,0,0,0,0,0,0,0,1,0,0,0,0,0,0,0,0,0,0,0,0,0,0
"['Role-playing (RPG)', 'Adventure']",Kingdom Hearts HD 2.8 Final Chapter Prologue,"['Action', 'Fantasy']",74.61455777511298,Square Enix,2025-10-24 23:29:35,1,0,0,0,0,0,0,0,0,0,0,0,0,0,1,0,0,0,0,0,0,0,0,1,0,0,0,1,0,0,0,0,0,0,0,0,0,0,0,0,0,0
['Role-playing (RPG)'],Final Fantasy XIV: Heavensward,"['Action', 'Fantasy', 'Drama']",87.52540943142706,Square Enix,2025-10-24 23:29:35,0,0,0,0,0,0,0,0,0,0,0,0,0,0,1,0,0,0,0,0,0,0,0,1,0,1,0,1,0,0,0,0,0,0,0,0,0,0,0,0,0,0
"['Simulator', 'Sport']",Championship Manager 2008,,65.11175005903226,Square Enix,2025-10-24 23:29:35,0,0,0,0,0,0,0,0,0,0,0,0,0,0,0,0,1,1,0,0,0,0,0,0,0,0,0,0,0,0,0,0,0,0,0,0,0,0,0,0,0,0
"['Role-playing (RPG)', 'Strategy', 'Turn-based strategy (TBS)']",Bahamut Lagoon,"['Action', 'Fantasy']",88.92207812295419,Square Enix,2025-10-24 23:29:35,0,0,0,0,0,0,0,0,0,0,0,0,0,0,1,0,0,0,1,0,1,0,0,1,0,0,0,1,0,0,0,0,0,0,0,0,0,0,0,0,0,0
['Platform'],Scary Girl,['Action'],58.125,Square Enix,2025-10-24 23:29:35,0,0,0,0,0,0,0,0,1,0,0,0,0,0,0,0,0,0,0,0,0,0,0,1,0,0,0,0,0,0,0,0,0,0,0,0,0,0,0,0,0,0
['Adventure'],Sleeping Dogs: Ghost Pig,['Action'],59.99871799605521,Square Enix,2025-10-24 23:29:35,1,0,0,0,0,0,0,0,0,0,0,0,0,0,0,0,0,0,0,0,0,0,0,1,0,0,0,0,0,0,0,0,0,0,0,0,0,0,0,0,0,0
['Role-playing (RPG)'],Final Fantasy Fables: Chocobo's Dungeon,['Fantasy'],79.0,Square Enix,2025-10-24 23:29:35,0,0,0,0,0,0,0,0,0,0,0,0,0,0,1,0,0,0,0,0,0,0,0,0,0,0,0,1,0,0,0,0,0,0,0,0,0,0,0,0,0,0
"['Role-playing (RPG)', 'Adventure']",Chocobo no Fushigi na Dungeon,['Fantasy'],70.0,Square Enix,2025-10-24 23:29:35,1,0,0,0,0,0,0,0,0,0,0,0,0,0,1,0,0,0,0,0,0,0,0,0,0,0,0,1,0,0,0,0,0,0,0,0,0,0,0,0,0,0
"['Role-playing (RPG)', 'Card & Board Game']",Fortune Street,['Party'],67.0912006990714,Square Enix,2025-10-24 23:29:35,0,0,1,0,0,0,0,0,0,0,0,0,0,0,1,0,0,0,0,0,0,0,0,0,0,0,0,0,0,0,0,0,0,0,1,0,0,0,0,0,0,0
['Strategy'],Crystal Defenders R1,"['Action', 'Fantasy']",60.0,Square Enix,2025-10-24 23:29:35,0,0,0,0,0,0,0,0,0,0,0,0,0,0,0,0,0,0,1,0,0,0,0,1,0,0,0,1,0,0,0,0,0,0,0,0,0,0,0,0,0,0
"['Role-playing (RPG)', 'Adventure']",Final Fantasy X-2 HD Remaster,"['Action', 'Fantasy']",77.30379462049115,Square Enix,2025-10-24 23:29:35,1,0,0,0,0,0,0,0,0,0,0,0,0,0,1,0,0,0,0,0,0,0,0,1,0,0,0,1,0,0,0,0,0,0,0,0,0,0,0,0,0,0
"['Role-playing (RPG)', 'Adventure']",Final Fantasy X HD Remaster,"['Action', 'Fantasy']",91.80116483864606,Square Enix,2025-10-24 23:29:35,1,0,0,0,0,0,0,0,0,0,0,0,0,0,1,0,0,0,0,0,0,0,0,1,0,0,0,1,0,0,0,0,0,0,0,0,0,0,0,0,0,0
['Role-playing (RPG)'],Final Fantasy XIV: Stormblood,"['Action', 'Fantasy', 'Drama', 'Open world']",86.08870373887501,Square Enix,2025-10-24 23:29:35,0,0,0,0,0,0,0,0,0,0,0,0,0,0,1,0,0,0,0,0,0,0,0,1,0,1,0,1,0,0,0,0,0,1,0,0,0,0,0,0,0,0
"['Role-playing (RPG)', 'Turn-based strategy (TBS)']",Kai-ri-Sei Million Arthur VR,['Fantasy'],50.0,Square Enix,2025-10-24 23:29:35,0,0,0,0,0,0,0,0,0,0,0,0,0,0,1,0,0,0,0,0,1,0,0,0,0,0,0,1,0,0,0,0,0,0,0,0,0,0,0,0,0,0
"['Role-playing (RPG)', 'Adventure']",Kingdom Hearts HD 1.5 + 2.5 Remix,"['Action', 'Fantasy']",87.59606097159357,Square Enix,2025-10-24 23:29:35,1,0,0,0,0,0,0,0,0,0,0,0,0,0,1,0,0,0,0,0,0,0,0,1,0,0,0,1,0,0,0,0,0,0,0,0,0,0,0,0,0,0
['Role-playing (RPG)'],Final Fantasy XIV: A Realm Reborn - Collector's Edition,"['Action', 'Fantasy', 'Drama', 'Open world']",89.46200094970452,Square Enix,2025-10-24 23:29:35,0,0,0,0,0,0,0,0,0,0,0,0,0,0,1,0,0,0,0,0,0,0,0,1,0,1,0,1,0,0,0,0,0,1,0,0,0,0,0,0,0,0
"['Fighting', 'Role-playing (RPG)']",Dissidia Duodecim Prologus: Final Fantasy,['Action'],70.0,Square Enix,2025-10-24 23:29:35,0,0,0,1,0,0,0,0,0,0,0,0,0,0,1,0,0,0,0,0,0,0,0,1,0,0,0,0,0,0,0,0,0,0,0,0,0,0,0,0,0,0
['Role-playing (RPG)'],Kingdom Hearts Birth by Sleep Final Mix,['Action'],76.5122151688143,Square Enix,2025-10-24 23:29:35,0,0,0,0,0,0,0,0,0,0,0,0,0,0,1,0,0,0,0,0,0,0,0,1,0,0,0,0,0,0,0,0,0,0,0,0,0,0,0,0,0,0
['Shooter'],Left Alive,"['Action', 'Science fiction', 'Survival', 'Stealth', 'Warfare']",32.858409510188,Square Enix,2025-10-24 23:29:35,0,0,0,0,0,0,0,0,0,0,0,0,0,0,0,1,0,0,0,0,0,0,0,1,0,0,0,0,0,0,0,0,0,0,0,0,0,1,1,1,0,1
"['Role-playing (RPG)', 'Turn-based strategy (TBS)']",Front Mission 2089: Border of Madness,"['Science fiction', 'Warfare']",70.0,Square Enix,2025-10-24 23:29:35,0,0,0,0,0,0,0,0,0,0,0,0,0,0,1,0,0,0,0,0,1,0,0,0,0,0,0,0,0,0,0,0,0,0,0,0,0,1,0,0,0,1
"['Role-playing (RPG)', 'Adventure']",Star Ocean: The Last Hope - 4K & Full HD Remaster,"['Action', 'Science fiction']",65.0,Square Enix,2025-10-24 23:29:35,1,0,0,0,0,0,0,0,0,0,0,0,0,0,1,0,0,0,0,0,0,0,0,1,0,0,0,0,0,0,0,0,0,0,0,0,0,1,0,0,0,0
"['Role-playing (RPG)', ""Hack and slash/Beat 'em up"", 'Adventure']",Final Fantasy XV: Royal Edition,"['Action', 'Fantasy', 'Science fiction', 'Survival', 'Sandbox', 'Open world']",75.68035176596437,Square Enix,2025-10-24 23:29:35,1,0,0,0,1,0,0,0,0,0,0,0,0,0,1,0,0,0,0,0,0,0,0,1,0,0,0,1,0,0,0,0,0,1,0,0,1,1,0,1,0,0
"['Role-playing (RPG)', 'Adventure']",The World Ends with You: Final Remix,['Action'],65.91428866037663,Square Enix,2025-10-24 23:29:35,1,0,0,0,0,0,0,0,0,0,0,0,0,0,1,0,0,0,0,0,0,0,0,1,0,0,0,0,0,0,0,0,0,0,0,0,0,0,0,0,0,0
"['Role-playing (RPG)', 'Adventure']",Chrono Trigger,"['Action', 'Fantasy']",90.0,Square Enix,2025-10-24 23:29:35,1,0,0,0,0,0,0,0,0,0,0,0,0,0,1,0,0,0,0,0,0,0,0,1,0,0,0,1,0,0,0,0,0,0,0,0,0,0,0,0,0,0
"['Role-playing (RPG)', 'Adventure']",Final Fantasy XI: Ultimate Collection - Seekers Edition,"['Action', 'Fantasy']",80.0,Square Enix,2025-10-24 23:29:35,1,0,0,0,0,0,0,0,0,0,0,0,0,0,1,0,0,0,0,0,0,0,0,1,0,0,0,1,0,0,0,0,0,0,0,0,0,0,0,0,0,0
"['Role-playing (RPG)', 'Adventure']",Final Fantasy XV: Pocket Edition HD,"['Action', 'Fantasy']",74.42080888557467,Square Enix,2025-10-24 23:29:35,1,0,0,0,0,0,0,0,0,0,0,0,0,0,1,0,0,0,0,0,0,0,0,1,0,0,0,1,0,0,0,0,0,0,0,0,0,0,0,0,0,0
,Tales Of Wedding Rings VR,,60.0,Square Enix,2025-10-24 23:29:35,0,0,0,0,0,0,0,0,0,0,0,0,0,0,0,0,0,0,0,0,0,0,0,0,0,0,0,0,0,0,0,0,0,0,0,0,0,0,0,0,0,0
['Role-playing (RPG)'],Final Fantasy XIV: Shadowbringers,"['Action', 'Fantasy', 'Drama', 'Open world']",90.89365023441673,Square Enix,2025-10-24 23:29:35,0,0,0,0,0,0,0,0,0,0,0,0,0,0,1,0,0,0,0,0,0,0,0,1,0,1,0,1,0,0,0,0,0,1,0,0,0,0,0,0,0,0
['Fighting'],Dissidia Final Fantasy NT: Free Edition,['Action'],50.0,Square Enix,2025-10-24 23:29:35,0,0,0,1,0,0,0,0,0,0,0,0,0,0,0,0,0,0,0,0,0,0,0,1,0,0,0,0,0,0,0,0,0,0,0,0,0,0,0,0,0,0
"['Fighting', 'Role-playing (RPG)', ""Hack and slash/Beat 'em up"", 'Adventure']",Kingdom Hearts Dream Drop Distance HD,"['Action', 'Fantasy']",73.51704870480074,Square Enix,2025-10-24 23:29:35,1,0,0,1,1,0,0,0,0,0,0,0,0,0,1,0,0,0,0,0,0,0,0,1,0,0,0,1,0,0,0,0,0,0,0,0,0,0,0,0,0,0
"['Role-playing (RPG)', 'Turn-based strategy (TBS)', 'Adventure']",SaGa: Scarlet Grace - Ambitions,['Fantasy'],77.33333333333333,Square Enix,2025-10-24 23:29:35,1,0,0,0,0,0,0,0,0,0,0,0,0,0,1,0,0,0,0,0,1,0,0,0,0,0,0,1,0,0,0,0,0,0,0,0,0,0,0,0,0,0
['Role-playing (RPG)'],The World Ends with You: Solo Remix,"['Action', 'Drama']",79.4371306179477,Square Enix,2025-10-24 23:29:35,0,0,0,0,0,0,0,0,0,0,0,0,0,0,1,0,0,0,0,0,0,0,0,1,0,1,0,0,0,0,0,0,0,0,0,0,0,0,0,0,0,0
"['Role-playing (RPG)', 'Strategy', 'Adventure']",Collection of SaGa: Final Fantasy Legend,['Fantasy'],77.5,Square Enix,2025-10-24 23:29:35,1,0,0,0,0,0,0,0,0,0,0,0,0,0,1,0,0,0,1,0,0,0,0,0,0,0,0,1,0,0,0,0,0,0,0,0,0,0,0,0,0,0
"['Role-playing (RPG)', 'Adventure']",SaGa Frontier Remastered,"['Action', 'Fantasy', 'Sandbox']",76.4,Square Enix,2025-10-24 23:29:35,1,0,0,0,0,0,0,0,0,0,0,0,0,0,1,0,0,0,0,0,0,0,0,1,0,0,0,1,0,0,0,0,0,0,0,0,1,0,0,0,0,0
['Role-playing (RPG)'],Final Fantasy XIV: Endwalker,"['Action', 'Fantasy', 'Drama', 'Open world']",90.0221855491194,Square Enix,2025-10-24 23:29:35,0,0,0,0,0,0,0,0,0,0,0,0,0,0,1,0,0,0,0,0,0,0,0,1,0,1,0,1,0,0,0,0,0,1,0,0,0,0,0,0,0,0
"['Role-playing (RPG)', ""Hack and slash/Beat 'em up"", 'Adventure']",Legend of Mana,"['Action', 'Fantasy']",79.5,Square Enix,2025-10-24 23:29:35,1,0,0,0,1,0,0,0,0,0,0,0,0,0,1,0,0,0,0,0,0,0,0,1,0,0,0,1,0,0,0,0,0,0,0,0,0,0,0,0,0,0
"['Racing', 'Sport', 'Arcade']",Chocobo GP,['Party'],68.10019071592045,Square Enix,2025-10-24 23:29:35,0,1,0,0,0,0,0,0,0,0,0,0,1,0,0,0,0,1,0,0,0,0,0,0,0,0,0,0,0,0,0,0,0,0,1,0,0,0,0,0,0,0
"['Role-playing (RPG)', 'Strategy', 'Card & Board Game']",Voice of Cards: The Forsaken Maiden,['Fantasy'],74.0,Square Enix,2025-10-24 23:29:35,0,0,1,0,0,0,0,0,0,0,0,0,0,0,1,0,0,0,1,0,0,0,0,0,0,0,0,1,0,0,0,0,0,0,0,0,0,0,0,0,0,0
"['Role-playing (RPG)', 'Adventure']",Chrono Trigger,"['Action', 'Fantasy']",79.94155718564028,Square Enix,2025-10-24 23:29:35,1,0,0,0,0,0,0,0,0,0,0,0,0,0,1,0,0,0,0,0,0,0,0,1,0,0,0,1,0,0,0,0,0,0,0,0,0,0,0,0,0,0
"['Role-playing (RPG)', 'Adventure']",Kingdom Hearts Final Mix,"['Action', 'Fantasy']",75.90042773365046,Square Enix,2025-10-24 23:29:35,1,0,0,0,0,0,0,0,0,0,0,0,0,0,1,0,0,0,0,0,0,0,0,1,0,0,0,1,0,0,0,0,0,0,0,0,0,0,0,0,0,0
"['Role-playing (RPG)', 'Strategy', 'Card & Board Game']",Voice of Cards: The Beasts of Burden,['Fantasy'],73.0,Square Enix,2025-10-24 23:29:35,0,0,1,0,0,0,0,0,0,0,0,0,0,0,1,0,0,0,1,0,0,0,0,0,0,0,0,1,0,0,0,0,0,0,0,0,0,0,0,0,0,0
['Role-playing (RPG)'],Kingdom Hearts Birth by Sleep Final Mix,['Action'],83.63553690126423,Square Enix,2025-10-24 23:29:35,0,0,0,0,0,0,0,0,0,0,0,0,0,0,1,0,0,0,0,0,0,0,0,1,0,0,0,0,0,0,0,0,0,0,0,0,0,0,0,0,0,0
"['Shooter', 'Platform', 'Role-playing (RPG)', ""Hack and slash/Beat 'em up"", 'Adventure']",Kingdom Hearts II Final Mix,"['Action', 'Fantasy', 'Comedy']",84.09650356963924,Square Enix,2025-10-24 23:29:35,1,0,0,0,1,0,0,0,1,0,0,0,0,0,1,1,0,0,0,0,0,0,0,1,1,0,0,1,0,0,0,0,0,0,0,0,0,0,0,0,0,0
"['Point-and-click', 'Simulator', 'Adventure', 'Visual Novel']",Paranormasight: The Seven Mysteries of Honjo,"['Horror', 'Thriller', 'Mystery']",84.85951063253758,Square Enix,2025-10-24 23:29:35,1,0,0,0,0,0,0,0,0,1,0,0,0,0,0,0,1,0,0,0,0,1,0,0,0,0,0,0,0,1,0,1,0,0,0,0,0,0,0,0,1,0
"['Role-playing (RPG)', 'Adventure']",Dragon Quest Monsters: The Dark Prince,"['Fantasy', 'Open world']",74.0,Square Enix,2025-10-24 23:29:35,1,0,0,0,0,0,0,0,0,0,0,0,0,0,1,0,0,0,0,0,0,0,0,0,0,0,0,1,0,0,0,0,0,1,0,0,0,0,0,0,0,0
"['Role-playing (RPG)', 'Adventure']",Star Ocean: The Second Story R,"['Action', 'Science fiction', 'Kids']",86.3664546679365,Square Enix,2025-10-24 23:29:35,1,0,0,0,0,0,0,0,0,0,0,0,0,0,1,0,0,0,0,0,0,0,0,1,0,0,0,0,0,0,1,0,0,0,0,0,0,1,0,0,0,0
['Role-playing (RPG)'],Final Fantasy XIV: Dawntrail,"['Action', 'Fantasy', 'Drama', 'Open world']",79.98793763467631,Square Enix,2025-10-24 23:29:35,0,0,0,0,0,0,0,0,0,0,0,0,0,0,1,0,0,0,0,0,0,0,0,1,0,1,0,1,0,0,0,0,0,1,0,0,0,0,0,0,0,0
['Role-playing (RPG)'],Final Fantasy,,79.44674469653752,Square Enix,2025-10-24 23:29:35,0,0,0,0,0,0,0,0,0,0,0,0,0,0,1,0,0,0,0,0,0,0,0,0,0,0,0,0,0,0,0,0,0,0,0,0,0,0,0,0,0,0
['Role-playing (RPG)'],Final Fantasy XVI: Echoes of the Fallen,"['Action', 'Fantasy']",81.7631062788244,Square Enix,2025-10-24 23:29:35,0,0,0,0,0,0,0,0,0,0,0,0,0,0,1,0,0,0,0,0,0,0,0,1,0,0,0,1,0,0,0,0,0,0,0,0,0,0,0,0,0,0
['Role-playing (RPG)'],Final Fantasy XVI: The Rising Tide,"['Action', 'Fantasy']",80.14654421118824,Square Enix,2025-10-24 23:29:35,0,0,0,0,0,0,0,0,0,0,0,0,0,0,1,0,0,0,0,0,0,0,0,1,0,0,0,1,0,0,0,0,0,0,0,0,0,0,0,0,0,0
"['Role-playing (RPG)', 'Adventure']",SaGa Frontier 2 Remastered,"['Fantasy', 'Drama', 'Warfare']",79.5,Square Enix,2025-10-24 23:29:35,1,0,0,0,0,0,0,0,0,0,0,0,0,0,1,0,0,0,0,0,0,0,0,0,0,1,0,1,0,0,0,0,0,0,0,0,0,0,0,0,0,1
"['Role-playing (RPG)', 'Tactical']",Romancing SaGa 2: Revenge of the Seven,['Fantasy'],84.5,Square Enix,2025-10-24 23:29:35,0,0,0,0,0,0,0,0,0,0,0,0,0,0,1,0,0,0,0,1,0,0,0,0,0,0,0,1,0,0,0,0,0,0,0,0,0,0,0,0,0,0
['Role-playing (RPG)'],Bravely Default: Flying Fairy - HD Remaster,['Fantasy'],87.33333333333333,Square Enix,2025-10-24 23:29:35,0,0,0,0,0,0,0,0,0,0,0,0,0,0,1,0,0,0,0,0,0,0,0,0,0,0,0,1,0,0,0,0,0,0,0,0,0,0,0,0,0,0
['Shooter'],Unreal Tournament,['Action'],92.31053109674515,Epic Games,2025-09-24 17:08:01,0,0,0,0,0,0,0,0,0,0,0,0,0,0,0,1,0,0,0,0,0,0,0,1,0,0,0,0,0,0,0,0,0,0,0,0,0,0,0,0,0,0
"['Shooter', 'Platform']",Unreal,"['Action', 'Science fiction']",80.4337811051561,Epic Games,2025-09-24 17:08:01,0,0,0,0,0,0,0,0,1,0,0,0,0,0,0,1,0,0,0,0,0,0,0,1,0,0,0,0,0,0,0,0,0,0,0,0,0,1,0,0,0,0
['Shooter'],Gears of War 3,"['Action', 'Science fiction', 'Horror']",89.4291127330215,Epic Games,2025-09-24 17:08:01,0,0,0,0,0,0,0,0,0,0,0,0,0,0,0,1,0,0,0,0,0,0,0,1,0,0,0,0,0,1,0,0,0,0,0,0,0,1,0,0,0,0
['Shooter'],Bulletstorm,"['Action', 'Science fiction', 'Comedy']",82.74329006696873,Epic Games,2025-09-24 17:08:01,0,0,0,0,0,0,0,0,0,0,0,0,0,0,0,1,0,0,0,0,0,0,0,1,1,0,0,0,0,0,0,0,0,0,0,0,0,1,0,0,0,0
['Shooter'],Gears of War,"['Action', 'Science fiction', 'Horror']",82.45731465393398,Epic Games,2025-09-24 17:08:01,0,0,0,0,0,0,0,0,0,0,0,0,0,0,0,1,0,0,0,0,0,0,0,1,0,0,0,0,0,1,0,0,0,0,0,0,0,1,0,0,0,0
['Shooter'],Gears of War 2,"['Action', 'Science fiction']",86.91373803970124,Epic Games,2025-09-24 17:08:01,0,0,0,0,0,0,0,0,0,0,0,0,0,0,0,1,0,0,0,0,0,0,0,1,0,0,0,0,0,0,0,0,0,0,0,0,0,1,0,0,0,0
"['Role-playing (RPG)', 'Strategy', 'Turn-based strategy (TBS)']",Age of Wonders,"['Fantasy', '4X (explore, expand, exploit, and exterminate)']",84.73739295958677,Epic Games,2025-09-24 17:08:01,0,0,0,0,0,0,0,0,0,0,0,0,0,0,1,0,0,0,1,0,1,0,1,0,0,0,0,1,0,0,0,0,0,0,0,0,0,0,0,0,0,0
['Shooter'],Unreal Tournament 2003,"['Action', 'Science fiction']",83.23393485081753,Epic Games,2025-09-24 17:08:01,0,0,0,0,0,0,0,0,0,0,0,0,0,0,0,1,0,0,0,0,0,0,0,1,0,0,0,0,0,0,0,0,0,0,0,0,0,1,0,0,0,0
['Shooter'],Unreal Tournament 2004,"['Action', 'Science fiction']",85.55308820600587,Epic Games,2025-09-24 17:08:01,0,0,0,0,0,0,0,0,0,0,0,0,0,0,0,1,0,0,0,0,0,0,0,1,0,0,0,0,0,0,0,0,0,0,0,0,0,1,0,0,0,0
['Shooter'],Unreal Tournament III,"['Action', 'Science fiction']",79.56689238074566,Epic Games,2025-09-24 17:08:01,0,0,0,0,0,0,0,0,0,0,0,0,0,0,0,1,0,0,0,0,0,0,0,1,0,0,0,0,0,0,0,0,0,0,0,0,0,1,0,0,0,0
['Shooter'],Gears of War: Judgment,"['Action', 'Science fiction']",73.27195009432977,Epic Games,2025-09-24 17:08:01,0,0,0,0,0,0,0,0,0,0,0,0,0,0,0,1,0,0,0,0,0,0,0,1,0,0,0,0,0,0,0,0,0,0,0,0,0,1,0,0,0,0
"['Shooter', 'Role-playing (RPG)', 'Simulator', 'Strategy', 'Adventure']",Fortnite,"['Action', 'Survival', 'Sandbox', 'Open world']",76.68501852364062,Epic Games,2025-09-24 17:08:01,1,0,0,0,0,0,0,0,0,0,0,0,0,0,1,1,1,0,1,0,0,0,0,1,0,0,0,0,0,0,0,0,0,1,0,0,1,0,0,1,0,0
"['Shooter', 'Platform', 'Adventure']",Jazz Jackrabbit,"['Action', 'Science fiction', 'Comedy']",81.55341169594888,Epic Games,2025-09-24 17:08:01,1,0,0,0,0,0,0,0,1,0,0,0,0,0,0,1,0,0,0,0,0,0,0,1,1,0,0,0,0,0,0,0,0,0,0,0,0,1,0,0,0,0
['Shooter'],Unreal Championship,,79.9810817603842,Epic Games,2025-09-24 17:08:01,0,0,0,0,0,0,0,0,0,0,0,0,0,0,0,1,0,0,0,0,0,0,0,0,0,0,0,0,0,0,0,0,0,0,0,0,0,0,0,0,0,0
['Shooter'],Unreal Championship 2: The Liandri Conflict,"['Action', 'Science fiction']",79.01299467966355,Epic Games,2025-09-24 17:08:01,0,0,0,0,0,0,0,0,0,0,0,0,0,0,0,1,0,0,0,0,0,0,0,1,0,0,0,0,0,0,0,0,0,0,0,0,0,1,0,0,0,0
"['Platform', 'Puzzle']",Jill of the Jungle,"['Action', 'Fantasy']",47.07317073170731,Epic Games,2025-09-24 17:08:01,0,0,0,0,0,0,0,0,1,0,1,0,0,0,0,0,0,0,0,0,0,0,0,1,0,0,0,1,0,0,0,0,0,0,0,0,0,0,0,0,0,0
"['Real Time Strategy (RTS)', 'Strategy', 'Turn-based strategy (TBS)', 'Adventure']",7th Legion,"['Action', 'Fantasy', 'Science fiction', 'Warfare']",50.0,Epic Games,2025-09-24 17:08:01,1,0,0,0,0,0,0,0,0,0,0,0,0,1,0,0,0,0,1,0,1,0,0,1,0,0,0,1,0,0,0,0,0,0,0,0,0,1,0,0,0,1
"['Fighting', 'Role-playing (RPG)', ""Hack and slash/Beat 'em up"", 'Adventure']",Infinity Blade,"['Action', 'Fantasy', 'Science fiction']",67.55493007517383,Epic Games,2025-09-24 17:08:01,1,0,0,1,1,0,0,0,0,0,0,0,0,0,1,0,0,0,0,0,0,0,0,1,0,0,0,1,0,0,0,0,0,0,0,0,0,1,0,0,0,0
"['Shooter', 'Platform', 'Puzzle', 'Adventure']",Shadow Complex,"['Action', 'Science fiction', 'Warfare']",84.93188911577893,Epic Games,2025-09-24 17:08:01,1,0,0,0,0,0,0,0,1,0,1,0,0,0,0,1,0,0,0,0,0,0,0,1,0,0,0,0,0,0,0,0,0,0,0,0,0,1,0,0,0,1
['MOBA'],Paragon,['Science fiction'],77.53722987192543,Epic Games,2025-09-24 17:08:01,0,0,0,0,0,1,0,0,0,0,0,0,0,0,0,0,0,0,0,0,0,0,0,0,0,0,0,0,0,0,0,0,0,0,0,0,0,1,0,0,0,0
['Shooter'],Unreal Tournament,"['Action', 'Science fiction']",77.76350398736751,Epic Games,2025-09-24 17:08:01,0,0,0,0,0,0,0,0,0,0,0,0,0,0,0,1,0,0,0,0,0,0,0,1,0,0,0,0,0,0,0,0,0,0,0,0,0,1,0,0,0,0
['Shooter'],Gears of War: Ultimate Edition,"['Action', 'Science fiction', 'Horror']",79.01522279121139,Epic Games,2025-09-24 17:08:01,0,0,0,0,0,0,0,0,0,0,0,0,0,0,0,1,0,0,0,0,0,0,0,1,0,0,0,0,0,1,0,0,0,0,0,0,0,1,0,0,0,0
"['Role-playing (RPG)', 'Adventure']",Infinity Blade II,['Action'],84.67230780058983,Epic Games,2025-09-24 17:08:01,1,0,0,0,0,0,0,0,0,0,0,0,0,0,1,0,0,0,0,0,0,0,0,1,0,0,0,0,0,0,0,0,0,0,0,0,0,0,0,0,0,0
['Shooter'],Gears of War 3: Fenix Rising,"['Action', 'Science fiction']",70.0,Epic Games,2025-09-24 17:08:01,0,0,0,0,0,0,0,0,0,0,0,0,0,0,0,1,0,0,0,0,0,0,0,1,0,0,0,0,0,0,0,0,0,0,0,0,0,1,0,0,0,0
['Shooter'],Gears of War 2: Dark Corners,['Science fiction'],60.0,Epic Games,2025-09-24 17:08:01,0,0,0,0,0,0,0,0,0,0,0,0,0,0,0,1,0,0,0,0,0,0,0,0,0,0,0,0,0,0,0,0,0,0,0,0,0,1,0,0,0,0
['Shooter'],Unreal Tournament: Game of the Year Edition,"['Action', 'Science fiction']",89.15920750599022,Epic Games,2025-09-24 17:08:01,0,0,0,0,0,0,0,0,0,0,0,0,0,0,0,1,0,0,0,0,0,0,0,1,0,0,0,0,0,0,0,0,0,0,0,0,0,1,0,0,0,0
"['Shooter', 'Arcade']",Robo Recall,"['Action', 'Science fiction']",89.3713082167705,Epic Games,2025-09-24 17:08:01,0,1,0,0,0,0,0,0,0,0,0,0,0,0,0,1,0,0,0,0,0,0,0,1,0,0,0,0,0,0,0,0,0,0,0,0,0,1,0,0,0,0
"['Shooter', 'Platform']",Unreal Gold,"['Action', 'Science fiction']",75.13176406963281,Epic Games,2025-09-24 17:08:01,0,0,0,0,0,0,0,0,1,0,0,0,0,0,0,1,0,0,0,0,0,0,0,1,0,0,0,0,0,0,0,0,0,0,0,0,0,1,0,0,0,0
['Shooter'],Unreal Tournament III: Black Edition,"['Action', 'Science fiction']",88.81352185841789,Epic Games,2025-09-24 17:08:01,0,0,0,0,0,0,0,0,0,0,0,0,0,0,0,1,0,0,0,0,0,0,0,1,0,0,0,0,0,0,0,0,0,0,0,0,0,1,0,0,0,0
['Shooter'],Gears of War 2: Game of the Year Edition,"['Action', 'Science fiction']",83.57373831984121,Epic Games,2025-09-24 17:08:01,0,0,0,0,0,0,0,0,0,0,0,0,0,0,0,1,0,0,0,0,0,0,0,1,0,0,0,0,0,0,0,0,0,0,0,0,0,1,0,0,0,0
"['Shooter', 'Role-playing (RPG)', 'Simulator', 'Strategy', 'Adventure']",Fortnite: Deluxe Founder's Pack,"['Action', 'Survival', 'Sandbox', 'Open world']",70.0,Epic Games,2025-09-24 17:08:01,1,0,0,0,0,0,0,0,0,0,0,0,0,0,1,1,1,0,1,0,0,0,0,1,0,0,0,0,0,0,0,0,0,1,0,0,1,0,0,1,0,0
"['Fighting', 'Arcade']",Vote: The Game,,65.0,Epic Games,2025-09-24 17:08:01,0,1,0,1,0,0,0,0,0,0,0,0,0,0,0,0,0,0,0,0,0,0,0,0,0,0,0,0,0,0,0,0,0,0,0,0,0,0,0,0,0,0
['Shooter'],Fortnite: Season X,"['Action', 'Survival', 'Sandbox']",32.85714285714285,Epic Games,2025-09-24 17:08:01,0,0,0,0,0,0,0,0,0,0,0,0,0,0,0,1,0,0,0,0,0,0,0,1,0,0,0,0,0,0,0,0,0,0,0,0,1,0,0,1,0,0
['Shooter'],Fortnite: Season 9,"['Action', 'Survival', 'Sandbox']",36.66666666666666,Epic Games,2025-09-24 17:08:01,0,0,0,0,0,0,0,0,0,0,0,0,0,0,0,1,0,0,0,0,0,0,0,1,0,0,0,0,0,0,0,0,0,0,0,0,1,0,0,1,0,0
['Shooter'],Fortnite: Season 8,"['Action', 'Survival', 'Sandbox']",58.33333333333333,Epic Games,2025-09-24 17:08:01,0,0,0,0,0,0,0,0,0,0,0,0,0,0,0,1,0,0,0,0,0,0,0,1,0,0,0,0,0,0,0,0,0,0,0,0,1,0,0,1,0,0
['Shooter'],Fortnite: Season 7,"['Action', 'Survival', 'Sandbox']",63.33333333333333,Epic Games,2025-09-24 17:08:01,0,0,0,0,0,0,0,0,0,0,0,0,0,0,0,1,0,0,0,0,0,0,0,1,0,0,0,0,0,0,0,0,0,0,0,0,1,0,0,1,0,0
['Shooter'],Fortnite: Season 6,"['Action', 'Survival', 'Sandbox']",62.5,Epic Games,2025-09-24 17:08:01,0,0,0,0,0,0,0,0,0,0,0,0,0,0,0,1,0,0,0,0,0,0,0,1,0,0,0,0,0,0,0,0,0,0,0,0,1,0,0,1,0,0
['Shooter'],Fortnite: Season 5,"['Action', 'Survival', 'Sandbox']",76.0,Epic Games,2025-09-24 17:08:01,0,0,0,0,0,0,0,0,0,0,0,0,0,0,0,1,0,0,0,0,0,0,0,1,0,0,0,0,0,0,0,0,0,0,0,0,1,0,0,1,0,0
['Shooter'],Fortnite: Season 4,"['Action', 'Survival', 'Sandbox']",71.62162162162163,Epic Games,2025-09-24 17:08:01,0,0,0,0,0,0,0,0,0,0,0,0,0,0,0,1,0,0,0,0,0,0,0,1,0,0,0,0,0,0,0,0,0,0,0,0,1,0,0,1,0,0
['Shooter'],Fortnite: Season 3,"['Action', 'Survival', 'Sandbox']",69.98009950248756,Epic Games,2025-09-24 17:08:01,0,0,0,0,0,0,0,0,0,0,0,0,0,0,0,1,0,0,0,0,0,0,0,1,0,0,0,0,0,0,0,0,0,0,0,0,1,0,0,1,0,0
['Shooter'],Fortnite: Season 2,"['Action', 'Survival', 'Sandbox']",65.71428571428571,Epic Games,2025-09-24 17:08:01,0,0,0,0,0,0,0,0,0,0,0,0,0,0,0,1,0,0,0,0,0,0,0,1,0,0,0,0,0,0,0,0,0,0,0,0,1,0,0,1,0,0
['Shooter'],Fortnite: Chapter 2,"['Action', 'Survival', 'Sandbox']",20.0,Epic Games,2025-09-24 17:08:01,0,0,0,0,0,0,0,0,0,0,0,0,0,0,0,1,0,0,0,0,0,0,0,1,0,0,0,0,0,0,0,0,0,0,0,0,1,0,0,1,0,0
['Shooter'],Fortnite: Chapter 2 - Season 2,"['Action', 'Survival', 'Sandbox']",66.0,Epic Games,2025-09-24 17:08:01,0,0,0,0,0,0,0,0,0,0,0,0,0,0,0,1,0,0,0,0,0,0,0,1,0,0,0,0,0,0,0,0,0,0,0,0,1,0,0,1,0,0
['Shooter'],The Matrix: Awakens - An Unreal Engine 5 Experience,"['Action', 'Science fiction']",67.68234505842054,Epic Games,2025-09-24 17:08:01,0,0,0,0,0,0,0,0,0,0,0,0,0,0,0,1,0,0,0,0,0,0,0,1,0,0,0,0,0,0,0,0,0,0,0,0,0,1,0,0,0,0
"['Shooter', 'Role-playing (RPG)', 'Strategy']",Fortnite: Chapter 4,"['Action', 'Survival', 'Sandbox', 'Open world']",86.78361568596029,Epic Games,2025-09-24 17:08:01,0,0,0,0,0,0,0,0,0,0,0,0,0,0,1,1,0,0,1,0,0,0,0,1,0,0,0,0,0,0,0,0,0,1,0,0,1,0,0,1,0,0
['Shooter'],Fortnite: Chapter 4 - Season 2: Mega,['Action'],63.86108635674668,Epic Games,2025-09-24 17:08:01,0,0,0,0,0,0,0,0,0,0,0,0,0,0,0,1,0,0,0,0,0,0,0,1,0,0,0,0,0,0,0,0,0,0,0,0,0,0,0,0,0,0
"['Shooter', 'Tactical']",Fortnite: Chapter 5 - Underground,['Action'],78.16272965879266,Epic Games,2025-09-24 17:08:01,0,0,0,0,0,0,0,0,0,0,0,0,0,0,0,1,0,0,0,1,0,0,0,1,0,0,0,0,0,0,0,0,0,0,0,0,0,0,0,0,0,0
['Adventure'],LEGO Fortnite: Odyssey,"['Action', 'Sandbox', 'Open world']",66.1028170916031,Epic Games,2025-09-24 17:08:01,1,0,0,0,0,0,0,0,0,0,0,0,0,0,0,0,0,0,0,0,0,0,0,1,0,0,0,0,0,0,0,0,0,1,0,0,1,0,0,0,0,0
['Music'],Fortnite Festival,"['Action', 'Party']",66.21512172527984,Epic Games,2025-09-24 17:08:01,0,0,0,0,0,0,1,0,0,0,0,0,0,0,0,0,0,0,0,0,0,0,0,1,0,0,0,0,0,0,0,0,0,0,1,0,0,0,0,0,0,0
,Fortnite: Chapter 5 - Season 3: Wrecked,,85.68539325842696,Epic Games,2025-09-24 17:08:01,0,0,0,0,0,0,0,0,0,0,0,0,0,0,0,0,0,0,0,0,0,0,0,0,0,0,0,0,0,0,0,0,0,0,0,0,0,0,0,0,0,0
,Gears of War,,79.60995938991195,Epic Games,2025-09-24 17:08:01,0,0,0,0,0,0,0,0,0,0,0,0,0,0,0,0,0,0,0,0,0,0,0,0,0,0,0,0,0,0,0,0,0,0,0,0,0,0,0,0,0,0
"['Platform', 'Adventure']",New Super Mario Bros.,['Action'],87.83946911669499,Nintendo,2025-10-24 20:30:39,1,0,0,0,0,0,0,0,1,0,0,0,0,0,0,0,0,0,0,0,0,0,0,1,0,0,0,0,0,0,0,0,0,0,0,0,0,0,0,0,0,0
"['Platform', 'Adventure']",Super Mario Galaxy 2,['Action'],92.73770785474554,Nintendo,2025-10-24 20:30:39,1,0,0,0,0,0,0,0,1,0,0,0,0,0,0,0,0,0,0,0,0,0,0,1,0,0,0,0,0,0,0,0,0,0,0,0,0,0,0,0,0,0
['Platform'],Super Mario 3D Land,['Action'],85.4805723634089,Nintendo,2025-10-24 20:30:39,0,0,0,0,0,0,0,0,1,0,0,0,0,0,0,0,0,0,0,0,0,0,0,1,0,0,0,0,0,0,0,0,0,0,0,0,0,0,0,0,0,0
"['Platform', 'Arcade']",Donkey Kong,['Action'],71.86066052574287,Nintendo,2025-10-24 20:30:39,0,1,0,0,0,0,0,0,1,0,0,0,0,0,0,0,0,0,0,0,0,0,0,1,0,0,0,0,0,0,0,0,0,0,0,0,0,0,0,0,0,0
"['Platform', 'Puzzle', 'Arcade']",Donkey Kong,['Action'],85.860991617028,Nintendo,2025-10-24 20:30:39,0,1,0,0,0,0,0,0,1,0,1,0,0,0,0,0,0,0,0,0,0,0,0,1,0,0,0,0,0,0,0,0,0,0,0,0,0,0,0,0,0,0
"['Platform', 'Adventure']",Donkey Kong Land,['Action'],70.06107335553683,Nintendo,2025-10-24 20:30:39,1,0,0,0,0,0,0,0,1,0,0,0,0,0,0,0,0,0,0,0,0,0,0,1,0,0,0,0,0,0,0,0,0,0,0,0,0,0,0,0,0,0
"['Platform', 'Adventure']",Donkey Kong Land 2,['Action'],79.00306758311095,Nintendo,2025-10-24 20:30:39,1,0,0,0,0,0,0,0,1,0,0,0,0,0,0,0,0,0,0,0,0,0,0,1,0,0,0,0,0,0,0,0,0,0,0,0,0,0,0,0,0,0
"['Platform', 'Adventure']",Donkey Kong Land III,['Action'],76.77977291154575,Nintendo,2025-10-24 20:30:39,1,0,0,0,0,0,0,0,1,0,0,0,0,0,0,0,0,0,0,0,0,0,0,1,0,0,0,0,0,0,0,0,0,0,0,0,0,0,0,0,0,0
"['Platform', 'Puzzle', 'Strategy']",DK: King of Swing,"['Action', 'Fantasy']",68.33368977217461,Nintendo,2025-10-24 20:30:39,0,0,0,0,0,0,0,0,1,0,1,0,0,0,0,0,0,0,1,0,0,0,0,1,0,0,0,1,0,0,0,0,0,0,0,0,0,0,0,0,0,0
['Platform'],DK: Jungle Climber,['Action'],70.44697899571088,Nintendo,2025-10-24 20:30:39,0,0,0,0,0,0,0,0,1,0,0,0,0,0,0,0,0,0,0,0,0,0,0,1,0,0,0,0,0,0,0,0,0,0,0,0,0,0,0,0,0,0
"['Shooter', 'Platform', 'Adventure']",Super Metroid,"['Action', 'Science fiction', 'Thriller']",96.1129292692142,Nintendo,2025-10-24 20:30:39,1,0,0,0,0,0,0,0,1,0,0,0,0,0,0,1,0,0,0,0,0,0,0,1,0,0,0,0,0,0,0,0,0,0,0,0,0,1,0,0,1,0
"['Shooter', 'Platform', 'Adventure']",Metroid Prime Hunters,"['Action', 'Science fiction']",78.31768464980053,Nintendo,2025-10-24 20:30:39,1,0,0,0,0,0,0,0,1,0,0,0,0,0,0,1,0,0,0,0,0,0,0,1,0,0,0,0,0,0,0,0,0,0,0,0,0,1,0,0,0,0
"['Role-playing (RPG)', 'Strategy', 'Turn-based strategy (TBS)', 'Tactical']",Fire Emblem: Path of Radiance,['Fantasy'],82.07706071102996,Nintendo,2025-10-24 20:30:39,0,0,0,0,0,0,0,0,0,0,0,0,0,0,1,0,0,0,1,1,1,0,0,0,0,0,0,1,0,0,0,0,0,0,0,0,0,0,0,0,0,0
"['Puzzle', 'Arcade']",Kuru Kuru Kururin,"['Fantasy', 'Kids']",76.404943694985,Nintendo,2025-10-24 20:30:39,0,1,0,0,0,0,0,0,0,0,1,0,0,0,0,0,0,0,0,0,0,0,0,0,0,0,0,1,0,0,1,0,0,0,0,0,0,0,0,0,0,0
"['Platform', 'Puzzle', 'Adventure']",Wario Land 4,['Action'],77.40506962140341,Nintendo,2025-10-24 20:30:39,1,0,0,0,0,0,0,0,1,0,1,0,0,0,0,0,0,0,0,0,0,0,0,1,0,0,0,0,0,0,0,0,0,0,0,0,0,0,0,0,0,0
"['Platform', 'Puzzle']",Wario: Master of Disguise,"['Action', 'Comedy']",53.3402809832608,Nintendo,2025-10-24 20:30:39,0,0,0,0,0,0,0,0,1,0,1,0,0,0,0,0,0,0,0,0,0,0,0,1,1,0,0,0,0,0,0,0,0,0,0,0,0,0,0,0,0,0
['Arcade'],"WarioWare, Inc.: Mega Microgame$!","['Action', 'Comedy']",87.20741486656135,Nintendo,2025-10-24 20:30:39,0,1,0,0,0,0,0,0,0,0,0,0,0,0,0,0,0,0,0,0,0,0,0,1,1,0,0,0,0,0,0,0,0,0,0,0,0,0,0,0,0,0
['Puzzle'],WarioWare: Smooth Moves,"['Action', 'Comedy', 'Party']",81.59075424000014,Nintendo,2025-10-24 20:30:39,0,0,0,0,0,0,0,0,0,0,1,0,0,0,0,0,0,0,0,0,0,0,0,1,1,0,0,0,0,0,0,0,0,0,1,0,0,0,0,0,0,0
"['Puzzle', 'Strategy']",Wario's Woods,['Fantasy'],72.73943688632562,Nintendo,2025-10-24 20:30:39,0,0,0,0,0,0,0,0,0,0,1,0,0,0,0,0,0,0,1,0,0,0,0,0,0,0,0,1,0,0,0,0,0,0,0,0,0,0,0,0,0,0
"['Platform', 'Adventure']",New Super Mario Bros. U,"['Action', 'Comedy', 'Kids']",79.14454670989863,Nintendo,2025-10-24 20:30:39,1,0,0,0,0,0,0,0,1,0,0,0,0,0,0,0,0,0,0,0,0,0,0,1,1,0,0,0,0,0,1,0,0,0,0,0,0,0,0,0,0,0
"['Shooter', 'Platform', 'Puzzle', 'Racing', 'Adventure', 'Arcade']",Nintendo Land,"['Action', 'Fantasy', 'Science fiction', 'Party']",75.14331838698205,Nintendo,2025-10-24 20:30:39,1,1,0,0,0,0,0,0,1,0,1,0,1,0,0,1,0,0,0,0,0,0,0,1,0,0,0,1,0,0,0,0,0,0,1,0,0,1,0,0,0,0
['Platform'],Super Mario 3D World,['Action'],89.21305031720217,Nintendo,2025-10-24 20:30:39,0,0,0,0,0,0,0,0,1,0,0,0,0,0,0,0,0,0,0,0,0,0,0,1,0,0,0,0,0,0,0,0,0,0,0,0,0,0,0,0,0,0
"['Puzzle', 'Strategy', 'Turn-based strategy (TBS)', 'Adventure', 'Card & Board Game']",Mario Party DS,['Party'],66.01950501585176,Nintendo,2025-10-24 20:30:39,1,0,1,0,0,0,0,0,0,0,1,0,0,0,0,0,0,0,1,0,1,0,0,0,0,0,0,0,0,0,0,0,0,0,1,0,0,0,0,0,0,0
"['Racing', 'Arcade']",Mario Kart: Super Circuit,"['Action', 'Kids']",82.87386984003314,Nintendo,2025-10-24 20:30:39,0,1,0,0,0,0,0,0,0,0,0,0,1,0,0,0,0,0,0,0,0,0,0,1,0,0,0,0,0,0,1,0,0,0,0,0,0,0,0,0,0,0
"['Racing', 'Arcade']",Mario Kart 7,['Party'],82.47772038785774,Nintendo,2025-10-24 20:30:39,0,1,0,0,0,0,0,0,0,0,0,0,1,0,0,0,0,0,0,0,0,0,0,0,0,0,0,0,0,0,0,0,0,0,1,0,0,0,0,0,0,0
['Simulator'],Nintendogs + Cats: Toy Poodle & New Friends,,63.11107251853311,Nintendo,2025-10-24 20:30:39,0,0,0,0,0,0,0,0,0,0,0,0,0,0,0,0,1,0,0,0,0,0,0,0,0,0,0,0,0,0,0,0,0,0,0,0,0,0,0,0,0,0
"['Platform', 'Adventure']",Yoshi's Story,"['Action', 'Kids']",72.8262032988207,Nintendo,2025-10-24 20:30:39,1,0,0,0,0,0,0,0,1,0,0,0,0,0,0,0,0,0,0,0,0,0,0,1,0,0,0,0,0,0,1,0,0,0,0,0,0,0,0,0,0,0
"['Racing', 'Sport']",Excitebike 64,"['Action', 'Non-fiction']",72.73439225199577,Nintendo,2025-10-24 20:30:39,0,0,0,0,0,0,0,0,0,0,0,0,1,0,0,0,0,1,0,0,0,0,0,1,0,0,0,0,0,0,0,0,1,0,0,0,0,0,0,0,0,0
"['Puzzle', 'Role-playing (RPG)', 'Adventure']",Paper Mario: Sticker Star,"['Action', 'Fantasy', 'Comedy']",74.0312575871519,Nintendo,2025-10-24 20:30:39,1,0,0,0,0,0,0,0,0,0,1,0,0,0,1,0,0,0,0,0,0,0,0,1,1,0,0,1,0,0,0,0,0,0,0,0,0,0,0,0,0,0
['Sport'],Golf,['Non-fiction'],65.93776240318269,Nintendo,2025-10-24 20:30:39,0,0,0,0,0,0,0,0,0,0,0,0,0,0,0,0,0,1,0,0,0,0,0,0,0,0,0,0,0,0,0,0,1,0,0,0,0,0,0,0,0,0
"['Role-playing (RPG)', 'Sport']",Mario Golf: Advance Tour,,74.33244974655054,Nintendo,2025-10-24 20:30:39,0,0,0,0,0,0,0,0,0,0,0,0,0,0,1,0,0,1,0,0,0,0,0,0,0,0,0,0,0,0,0,0,0,0,0,0,0,0,0,0,0,0
['Role-playing (RPG)'],Custom Robo,"['Action', 'Science fiction']",70.0194229777217,Nintendo,2025-10-24 20:30:39,0,0,0,0,0,0,0,0,0,0,0,0,0,0,1,0,0,0,0,0,0,0,0,1,0,0,0,0,0,0,0,0,0,0,0,0,0,1,0,0,0,0
"['Puzzle', 'Strategy']",Dr. Mario,"['Fantasy', 'Science fiction']",72.15924253224618,Nintendo,2025-10-24 20:30:39,0,0,0,0,0,0,0,0,0,0,1,0,0,0,0,0,0,0,1,0,0,0,0,0,0,0,0,1,0,0,0,0,0,0,0,0,0,1,0,0,0,0
"['Puzzle', 'Strategy']",Dr. Luigi,,64.72464790548926,Nintendo,2025-10-24 20:30:39,0,0,0,0,0,0,0,0,0,0,1,0,0,0,0,0,0,0,1,0,0,0,0,0,0,0,0,0,0,0,0,0,0,0,0,0,0,0,0,0,0,0
"['Puzzle', 'Strategy']",Kirby's Star Stacker,,74.59927597244656,Nintendo,2025-10-24 20:30:39,0,0,0,0,0,0,0,0,0,0,1,0,0,0,0,0,0,0,1,0,0,0,0,0,0,0,0,0,0,0,0,0,0,0,0,0,0,0,0,0,0,0
"['Platform', 'Arcade']",Ice Climber,['Action'],64.6906778650298,Nintendo,2025-10-24 20:30:39,0,1,0,0,0,0,0,0,1,0,0,0,0,0,0,0,0,0,0,0,0,0,0,1,0,0,0,0,0,0,0,0,0,0,0,0,0,0,0,0,0,0
"['Platform', 'Adventure']",Kirby: Nightmare in Dream Land,['Action'],76.56567954160819,Nintendo,2025-10-24 20:30:39,1,0,0,0,0,0,0,0,1,0,0,0,0,0,0,0,0,0,0,0,0,0,0,1,0,0,0,0,0,0,0,0,0,0,0,0,0,0,0,0,0,0
"['Simulator', 'Strategy']",Doshin the Giant,"['Action', 'Fantasy']",49.84396896881027,Nintendo,2025-10-24 20:30:39,0,0,0,0,0,0,0,0,0,0,0,0,0,0,0,0,1,0,1,0,0,0,0,1,0,0,0,1,0,0,0,0,0,0,0,0,0,0,0,0,0,0
"['Shooter', 'Simulator', 'Adventure']",Geist,"['Action', 'Science fiction', 'Horror', 'Educational']",69.93107110030948,Nintendo,2025-10-24 20:30:39,1,0,0,0,0,0,0,0,0,0,0,0,0,0,0,1,1,0,0,0,0,0,0,1,0,0,1,0,0,1,0,0,0,0,0,0,0,1,0,0,0,0
['Quiz/Trivia'],Densetsu no Quiz-ou Ketteisen,,23.0,Nintendo,2025-10-24 20:30:39,0,0,0,0,0,0,0,0,0,0,0,1,0,0,0,0,0,0,0,0,0,0,0,0,0,0,0,0,0,0,0,0,0,0,0,0,0,0,0,0,0,0
"['Racing', 'Sport', 'Arcade']",Excitebike,"['Action', 'Non-fiction']",71.2539776280789,Nintendo,2025-10-24 20:30:39,0,1,0,0,0,0,0,0,0,0,0,0,1,0,0,0,0,1,0,0,0,0,0,1,0,0,0,0,0,0,0,0,1,0,0,0,0,0,0,0,0,0
"['Platform', 'Arcade']",Popeye,"['Action', 'Comedy']",63.01126867607451,Nintendo,2025-10-24 20:30:39,0,1,0,0,0,0,0,0,1,0,0,0,0,0,0,0,0,0,0,0,0,0,0,1,1,0,0,0,0,0,0,0,0,0,0,0,0,0,0,0,0,0
"['Shooter', 'Arcade']",Wild Gunman,['Action'],43.80056660684757,Nintendo,2025-10-24 20:30:39,0,1,0,0,0,0,0,0,0,0,0,0,0,0,0,1,0,0,0,0,0,0,0,1,0,0,0,0,0,0,0,0,0,0,0,0,0,0,0,0,0,0
['Sport'],Wii Play: Motion,"['Action', 'Party']",47.10258167079174,Nintendo,2025-10-24 20:30:39,0,0,0,0,0,0,0,0,0,0,0,0,0,0,0,0,0,1,0,0,0,0,0,1,0,0,0,0,0,0,0,0,0,0,1,0,0,0,0,0,0,0
"['Simulator', 'Sport']",Wii Fit U,,66.71491935561198,Nintendo,2025-10-24 20:30:39,0,0,0,0,0,0,0,0,0,0,0,0,0,0,0,0,1,1,0,0,0,0,0,0,0,0,0,0,0,0,0,0,0,0,0,0,0,0,0,0,0,0
['Platform'],Drill Dozer,"['Action', 'Science fiction']",75.04773071581067,Nintendo,2025-10-24 20:30:39,0,0,0,0,0,0,0,0,1,0,0,0,0,0,0,0,0,0,0,0,0,0,0,1,0,0,0,0,0,0,0,0,0,0,0,0,0,1,0,0,0,0
"['Platform', 'Puzzle', 'Racing', 'Sport', 'Adventure', 'Arcade']",NES Remix,['Action'],69.6137784355561,Nintendo,2025-10-24 20:30:39,1,1,0,0,0,0,0,0,1,0,1,0,1,0,0,0,0,1,0,0,0,0,0,1,0,0,0,0,0,0,0,0,0,0,0,0,0,0,0,0,0,0
"['Fighting', 'Music', 'Platform', 'Racing', 'Sport', 'Adventure', 'Arcade']",NES Remix 2,"['Action', 'Party']",81.375,Nintendo,2025-10-24 20:30:39,1,1,0,1,0,0,1,0,1,0,0,0,1,0,0,0,0,1,0,0,0,0,0,1,0,0,0,0,0,0,0,0,0,0,1,0,0,0,0,0,0,0
"['Sport', 'Pinball', 'Adventure', 'Arcade']",Mario Pinball Land,['Action'],52.83218136457701,Nintendo,2025-10-24 20:30:39,1,1,0,0,0,0,0,1,0,0,0,0,0,0,0,0,0,1,0,0,0,0,0,1,0,0,0,0,0,0,0,0,0,0,0,0,0,0,0,0,0,0
['Simulator'],Pilotwings Resort,['Action'],69.51676321953256,Nintendo,2025-10-24 20:30:39,0,0,0,0,0,0,0,0,0,0,0,0,0,0,0,0,1,0,0,0,0,0,0,1,0,0,0,0,0,0,0,0,0,0,0,0,0,0,0,0,0,0
['Shooter'],Star Fox 64 3D,"['Action', 'Science fiction']",79.96451859343011,Nintendo,2025-10-24 20:30:39,0,0,0,0,0,0,0,0,0,0,0,0,0,0,0,1,0,0,0,0,0,0,0,1,0,0,0,0,0,0,0,0,0,0,0,0,0,1,0,0,0,0
"['Shooter', 'Platform']",Splatoon,"['Action', 'Science fiction']",81.0662798550415,Nintendo,2025-10-24 20:30:39,0,0,0,0,0,0,0,0,1,0,0,0,0,0,0,1,0,0,0,0,0,0,0,1,0,0,0,0,0,0,0,0,0,0,0,0,0,1,0,0,0,0
"['Platform', 'Puzzle', 'Strategy']",Captain Toad: Treasure Tracker,"['Action', 'Fantasy']",81.4099311189095,Nintendo,2025-10-24 20:30:39,0,0,0,0,0,0,0,0,1,0,1,0,0,0,0,0,0,0,1,0,0,0,0,1,0,0,0,1,0,0,0,0,0,0,0,0,0,0,0,0,0,0
['Platform'],Super Mario Maker,"['Action', 'Kids']",85.37519485262374,Nintendo,2025-10-24 20:30:39,0,0,0,0,0,0,0,0,1,0,0,0,0,0,0,0,0,0,0,0,0,0,0,1,0,0,0,0,0,0,1,0,0,0,0,0,0,0,0,0,0,0
"['Quiz/Trivia', 'Card & Board Game']",Mario Party 10,"['Action', 'Party']",63.03023788377971,Nintendo,2025-10-24 20:30:39,0,0,1,0,0,0,0,0,0,0,0,1,0,0,0,0,0,0,0,0,0,0,0,1,0,0,0,0,0,0,0,0,0,0,1,0,0,0,0,0,0,0
"['Puzzle', 'Arcade']",Alleyway,"['Action', 'Science fiction']",60.27087479322658,Nintendo,2025-10-24 20:30:39,0,1,0,0,0,0,0,0,0,0,1,0,0,0,0,0,0,0,0,0,0,0,0,1,0,0,0,0,0,0,0,0,0,0,0,0,0,1,0,0,0,0
"['Platform', 'Puzzle', 'Strategy']",Catrap,['Action'],65.35738645365106,Nintendo,2025-10-24 20:30:39,0,0,0,0,0,0,0,0,1,0,1,0,0,0,0,0,0,0,1,0,0,0,0,1,0,0,0,0,0,0,0,0,0,0,0,0,0,0,0,0,0,0
"['Puzzle', 'Arcade']",Tetris,,86.29275455288317,Nintendo,2025-10-24 20:30:39,0,1,0,0,0,0,0,0,0,0,1,0,0,0,0,0,0,0,0,0,0,0,0,0,0,0,0,0,0,0,0,0,0,0,0,0,0,0,0,0,0,0
"['Fighting', 'Sport', 'Arcade']",Punch-Out!!,['Action'],76.08690659175633,Nintendo,2025-10-24 20:30:39,0,1,0,1,0,0,0,0,0,0,0,0,0,0,0,0,0,1,0,0,0,0,0,1,0,0,0,0,0,0,0,0,0,0,0,0,0,0,0,0,0,0
"['Simulator', 'Sport']",Pilotwings,['Action'],61.21732472784926,Nintendo,2025-10-24 20:30:39,0,0,0,0,0,0,0,0,0,0,0,0,0,0,0,0,1,1,0,0,0,0,0,1,0,0,0,0,0,0,0,0,0,0,0,0,0,0,0,0,0,0
"['Shooter', 'Platform', 'Real Time Strategy (RTS)', 'Strategy']",Star Fox 2,"['Action', 'Science fiction']",66.16644327037747,Nintendo,2025-10-24 20:30:39,0,0,0,0,0,0,0,0,1,0,0,0,0,1,0,1,0,0,1,0,0,0,0,1,0,0,0,0,0,0,0,0,0,0,0,0,0,1,0,0,0,0
['Puzzle'],Dr. Mario: Miracle Cure,,74.56424832956142,Nintendo,2025-10-24 20:30:39,0,0,0,0,0,0,0,0,0,0,1,0,0,0,0,0,0,0,0,0,0,0,0,0,0,0,0,0,0,0,0,0,0,0,0,0,0,0,0,0,0,0
"['Puzzle', 'Quiz/Trivia']",Animal Crossing: Amiibo Festival,"['Action', 'Party']",38.5055518085525,Nintendo,2025-10-24 20:30:39,0,0,0,0,0,0,0,0,0,0,1,1,0,0,0,0,0,0,0,0,0,0,0,1,0,0,0,0,0,0,0,0,0,0,1,0,0,0,0,0,0,0
"['Shooter', 'Adventure']",Star Fox Zero,"['Action', 'Science fiction']",62.54178650790487,Nintendo,2025-10-24 20:30:39,1,0,0,0,0,0,0,0,0,0,0,0,0,0,0,1,0,0,0,0,0,0,0,1,0,0,0,0,0,0,0,0,0,0,0,0,0,1,0,0,0,0
"['Platform', 'Adventure']",Chibi-Robo! Zip Lash,"['Action', 'Science fiction']",56.79245297263266,Nintendo,2025-10-24 20:30:39,1,0,0,0,0,0,0,0,1,0,0,0,0,0,0,0,0,0,0,0,0,0,0,1,0,0,0,0,0,0,0,0,0,0,0,0,0,1,0,0,0,0
"['Shooter', 'Adventure']",Metroid Prime: Federation Force,"['Action', 'Science fiction']",48.58277891563883,Nintendo,2025-10-24 20:30:39,1,0,0,0,0,0,0,0,0,0,0,0,0,0,0,1,0,0,0,0,0,0,0,1,0,0,0,0,0,0,0,0,0,0,0,0,0,1,0,0,0,0
"['Platform', 'Adventure']",Yoshi's Island: Super Mario Advance 3,['Action'],85.58728967995857,Nintendo,2025-10-24 20:30:39,1,0,0,0,0,0,0,0,1,0,0,0,0,0,0,0,0,0,0,0,0,0,0,1,0,0,0,0,0,0,0,0,0,0,0,0,0,0,0,0,0,0
['Platform'],Super Mario Advance 4: Super Mario Bros. 3,['Action'],88.61456218856132,Nintendo,2025-10-24 20:30:39,0,0,0,0,0,0,0,0,1,0,0,0,0,0,0,0,0,0,0,0,0,0,0,1,0,0,0,0,0,0,0,0,0,0,0,0,0,0,0,0,0,0
"['Role-playing (RPG)', 'Adventure']",Paper Mario: Color Splash,['Action'],72.08183888838026,Nintendo,2025-10-24 20:30:39,1,0,0,0,0,0,0,0,0,0,0,0,0,0,1,0,0,0,0,0,0,0,0,1,0,0,0,0,0,0,0,0,0,0,0,0,0,0,0,0,0,0
['Music'],Rhythm Heaven Megamix,"['Action', 'Kids', 'Party']",80.78450572746507,Nintendo,2025-10-24 20:30:39,0,0,0,0,0,0,1,0,0,0,0,0,0,0,0,0,0,0,0,0,0,0,0,1,0,0,0,0,0,0,1,0,0,0,1,0,0,0,0,0,0,0
"['Puzzle', 'Card & Board Game']",Mario Party: Star Rush,['Party'],58.42576190794688,Nintendo,2025-10-24 20:30:39,0,0,1,0,0,0,0,0,0,0,1,0,0,0,0,0,0,0,0,0,0,0,0,0,0,0,0,0,0,0,0,0,0,0,1,0,0,0,0,0,0,0
['Puzzle'],Tokyo Crash Mobs,,66.5,Nintendo,2025-10-24 20:30:39,0,0,0,0,0,0,0,0,0,0,1,0,0,0,0,0,0,0,0,0,0,0,0,0,0,0,0,0,0,0,0,0,0,0,0,0,0,0,0,0,0,0
['Sport'],Tennis,['Non-fiction'],76.77433548880104,Nintendo,2025-10-24 20:30:39,0,0,0,0,0,0,0,0,0,0,0,0,0,0,0,0,0,1,0,0,0,0,0,0,0,0,0,0,0,0,0,0,1,0,0,0,0,0,0,0,0,0
"['Shooter', 'Simulator', 'Strategy']",Star Fox Command,"['Action', 'Science fiction']",69.96114816137724,Nintendo,2025-10-24 20:30:39,0,0,0,0,0,0,0,0,0,0,0,0,0,0,0,1,1,0,1,0,0,0,0,1,0,0,0,0,0,0,0,0,0,0,0,0,0,1,0,0,0,0
"['Platform', 'Adventure']",Yoshi's Island DS,['Action'],78.90558372335443,Nintendo,2025-10-24 20:30:39,1,0,0,0,0,0,0,0,1,0,0,0,0,0,0,0,0,0,0,0,0,0,0,1,0,0,0,0,0,0,0,0,0,0,0,0,0,0,0,0,0,0
"['Racing', 'Sport']",Excitebike: World Rally,"['Action', 'Non-fiction']",78.33333333333334,Nintendo,2025-10-24 20:30:39,0,0,0,0,0,0,0,0,0,0,0,0,1,0,0,0,0,1,0,0,0,0,0,1,0,0,0,0,0,0,0,0,1,0,0,0,0,0,0,0,0,0
['Simulator'],Nintendogs + Cats: Golden Retriever & New Friends,"['Sandbox', 'Kids']",67.94113760191473,Nintendo,2025-10-24 20:30:39,0,0,0,0,0,0,0,0,0,0,0,0,0,0,0,0,1,0,0,0,0,0,0,0,0,0,0,0,0,0,1,0,0,0,0,0,1,0,0,0,0,0
['Puzzle'],Dr. Mario & Puzzle League,"['Action', 'Science fiction']",70.0,Nintendo,2025-10-24 20:30:39,0,0,0,0,0,0,0,0,0,0,1,0,0,0,0,0,0,0,0,0,0,0,0,1,0,0,0,0,0,0,0,0,0,0,0,0,0,1,0,0,0,0
['Shooter'],Star Fox Zero: Limited First Print Edition,"['Action', 'Science fiction']",82.0,Nintendo,2025-10-24 20:30:39,0,0,0,0,0,0,0,0,0,0,0,0,0,0,0,1,0,0,0,0,0,0,0,1,0,0,0,0,0,0,0,0,0,0,0,0,0,1,0,0,0,0
['Adventure'],Chibi-Robo!: Photo Finder,['Action'],50.0,Nintendo,2025-10-24 20:30:39,1,0,0,0,0,0,0,0,0,0,0,0,0,0,0,0,0,0,0,0,0,0,0,1,0,0,0,0,0,0,0,0,0,0,0,0,0,0,0,0,0,0
['Simulator'],Nintendogs: Dalmatian & Friends,,66.6472109922394,Nintendo,2025-10-24 20:30:39,0,0,0,0,0,0,0,0,0,0,0,0,0,0,0,0,1,0,0,0,0,0,0,0,0,0,0,0,0,0,0,0,0,0,0,0,0,0,0,0,0,0
"['Platform', 'Puzzle']",Super Mario Maker for Nintendo 3DS,"['Action', 'Sandbox', 'Kids']",73.61147875623155,Nintendo,2025-10-24 20:30:39,0,0,0,0,0,0,0,0,1,0,1,0,0,0,0,0,0,0,0,0,0,0,0,1,0,0,0,0,0,0,1,0,0,0,0,0,1,0,0,0,0,0
['Arcade'],1-2-Switch,"['Action', 'Party']",51.67382822266654,Nintendo,2025-10-24 20:30:39,0,1,0,0,0,0,0,0,0,0,0,0,0,0,0,0,0,0,0,0,0,0,0,1,0,0,0,0,0,0,0,0,0,0,1,0,0,0,0,0,0,0
"['Shooter', 'Simulator']",Tank Troopers,['Action'],63.5,Nintendo,2025-10-24 20:30:39,0,0,0,0,0,0,0,0,0,0,0,0,0,0,0,1,1,0,0,0,0,0,0,1,0,0,0,0,0,0,0,0,0,0,0,0,0,0,0,0,0,0
"['Puzzle', 'Role-playing (RPG)']",Sushi Striker: The Way of Sushido,['Action'],64.39150044413745,Nintendo,2025-10-24 20:30:39,0,0,0,0,0,0,0,0,0,0,1,0,0,0,1,0,0,0,0,0,0,0,0,1,0,0,0,0,0,0,0,0,0,0,0,0,0,0,0,0,0,0
['Platform'],Yume Koujou: Doki-doki Panic,"['Action', 'Fantasy']",70.1246557929912,Nintendo,2025-10-24 20:30:39,0,0,0,0,0,0,0,0,1,0,0,0,0,0,0,0,0,0,0,0,0,0,0,1,0,0,0,1,0,0,0,0,0,0,0,0,0,0,0,0,0,0
"['Racing', 'Sport']",Vs. Excitebike,"['Action', 'Non-fiction']",72.0,Nintendo,2025-10-24 20:30:39,0,0,0,0,0,0,0,0,0,0,0,0,1,0,0,0,0,1,0,0,0,0,0,1,0,0,0,0,0,0,0,0,1,0,0,0,0,0,0,0,0,0
"['Role-playing (RPG)', 'Adventure']",The Legend of Zelda: Breath of the Wild - The Master Trials,"['Action', 'Fantasy']",79.8505715606454,Nintendo,2025-10-24 20:30:39,1,0,0,0,0,0,0,0,0,0,0,0,0,0,1,0,0,0,0,0,0,0,0,1,0,0,0,1,0,0,0,0,0,0,0,0,0,0,0,0,0,0
"['Role-playing (RPG)', 'Adventure']",The Legend of Zelda: Breath of the Wild - The Champions' Ballad,"['Action', 'Fantasy']",83.67986905155416,Nintendo,2025-10-24 20:30:39,1,0,0,0,0,0,0,0,0,0,0,0,0,0,1,0,0,0,0,0,0,0,0,1,0,0,0,1,0,0,0,0,0,0,0,0,0,0,0,0,0,0
['Shooter'],Battle Clash,['Science fiction'],60.0707844468147,Nintendo,2025-10-24 20:30:39,0,0,0,0,0,0,0,0,0,0,0,0,0,0,0,1,0,0,0,0,0,0,0,0,0,0,0,0,0,0,0,0,0,0,0,0,0,1,0,0,0,0
"['Platform', 'Puzzle', 'Role-playing (RPG)', 'Adventure']",The Legend of Zelda: Collector's Edition,"['Action', 'Fantasy']",83.87140735349703,Nintendo,2025-10-24 20:30:39,1,0,0,0,0,0,0,0,1,0,1,0,0,0,1,0,0,0,0,0,0,0,0,1,0,0,0,1,0,0,0,0,0,0,0,0,0,0,0,0,0,0
"['Simulator', 'Sport']",Rusty's Real Deal Baseball,,74.0,Nintendo,2025-10-24 20:30:39,0,0,0,0,0,0,0,0,0,0,0,0,0,0,0,0,1,1,0,0,0,0,0,0,0,0,0,0,0,0,0,0,0,0,0,0,0,0,0,0,0,0
['Simulator'],Nintendogs: Chihuahua & Friends,,73.24829218322552,Nintendo,2025-10-24 20:30:39,0,0,0,0,0,0,0,0,0,0,0,0,0,0,0,0,1,0,0,0,0,0,0,0,0,0,0,0,0,0,0,0,0,0,0,0,0,0,0,0,0,0
['Simulator'],Nintendogs: Best Friends,,80.0,Nintendo,2025-10-24 20:30:39,0,0,0,0,0,0,0,0,0,0,0,0,0,0,0,0,1,0,0,0,0,0,0,0,0,0,0,0,0,0,0,0,0,0,0,0,0,0,0,0,0,0
"['Platform', 'Arcade']",Tingle's Balloon Fight DS,['Action'],71.0,Nintendo,2025-10-24 20:30:39,0,1,0,0,0,0,0,0,1,0,0,0,0,0,0,0,0,0,0,0,0,0,0,1,0,0,0,0,0,0,0,0,0,0,0,0,0,0,0,0,0,0
['Simulator'],Nintendogs: Labrador & Friends,,79.10544118744528,Nintendo,2025-10-24 20:30:39,0,0,0,0,0,0,0,0,0,0,0,0,0,0,0,0,1,0,0,0,0,0,0,0,0,0,0,0,0,0,0,0,0,0,0,0,0,0,0,0,0,0
"['Puzzle', 'Role-playing (RPG)', 'Adventure']",Kaeru no Tame ni Kane wa Naru,"['Action', 'Fantasy', 'Comedy']",79.92611484479481,Nintendo,2025-10-24 20:30:39,1,0,0,0,0,0,0,0,0,0,1,0,0,0,1,0,0,0,0,0,0,0,0,1,1,0,0,1,0,0,0,0,0,0,0,0,0,0,0,0,0,0
"['Puzzle', 'Strategy']",Tetris DX,,92.56498712328778,Nintendo,2025-10-24 20:30:39,0,0,0,0,0,0,0,0,0,0,1,0,0,0,0,0,0,0,1,0,0,0,0,0,0,0,0,0,0,0,0,0,0,0,0,0,0,0,0,0,0,0
['Platform'],Super Mario Bros. Deluxe,"['Action', 'Fantasy', 'Kids']",75.56201259933437,Nintendo,2025-10-24 20:30:39,0,0,0,0,0,0,0,0,1,0,0,0,0,0,0,0,0,0,0,0,0,0,0,1,0,0,0,1,0,0,1,0,0,0,0,0,0,0,0,0,0,0
['Arcade'],Grill-Off with Ultra Hand!,['Action'],68.0,Nintendo,2025-10-24 20:30:39,0,1,0,0,0,0,0,0,0,0,0,0,0,0,0,0,0,0,0,0,0,0,0,1,0,0,0,0,0,0,0,0,0,0,0,0,0,0,0,0,0,0
"['Platform', 'Puzzle']",Captain Toad: Treasure Tracker - Special Edition,"['Action', 'Fantasy']",80.0,Nintendo,2025-10-24 20:30:39,0,0,0,0,0,0,0,0,1,0,1,0,0,0,0,0,0,0,0,0,0,0,0,1,0,0,0,1,0,0,0,0,0,0,0,0,0,0,0,0,0,0
,Pokmon Bank,,56.00732304331115,Nintendo,2025-10-24 20:30:39,0,0,0,0,0,0,0,0,0,0,0,0,0,0,0,0,0,0,0,0,0,0,0,0,0,0,0,0,0,0,0,0,0,0,0,0,0,0,0,0,0,0
"['Strategy', 'Adventure']",Steel Diver: Sub Wars,['Action'],70.0,Nintendo,2025-10-24 20:30:39,1,0,0,0,0,0,0,0,0,0,0,0,0,0,0,0,0,0,1,0,0,0,0,1,0,0,0,0,0,0,0,0,0,0,0,0,0,0,0,0,0,0
"['Puzzle', 'Card & Board Game']",Mario Party: The Top 100,['Party'],59.55250504580192,Nintendo,2025-10-24 20:30:39,0,0,1,0,0,0,0,0,0,0,1,0,0,0,0,0,0,0,0,0,0,0,0,0,0,0,0,0,0,0,0,0,0,0,1,0,0,0,0,0,0,0
['Adventure'],The Mysterious Murasame Castle,['Action'],79.55270252987368,Nintendo,2025-10-24 20:30:39,1,0,0,0,0,0,0,0,0,0,0,0,0,0,0,0,0,0,0,0,0,0,0,1,0,0,0,0,0,0,0,0,0,0,0,0,0,0,0,0,0,0
"['Platform', 'Arcade']",Arcade Archives: Mario Bros.,['Action'],69.5,Nintendo,2025-10-24 20:30:39,0,1,0,0,0,0,0,0,1,0,0,0,0,0,0,0,0,0,0,0,0,0,0,1,0,0,0,0,0,0,0,0,0,0,0,0,0,0,0,0,0,0
"['Platform', 'Arcade']",Arcade Archives: Vs. Super Mario Bros.,['Action'],75.56402816975708,Nintendo,2025-10-24 20:30:39,0,1,0,0,0,0,0,0,1,0,0,0,0,0,0,0,0,0,0,0,0,0,0,1,0,0,0,0,0,0,0,0,0,0,0,0,0,0,0,0,0,0
['Fighting'],Photo Dojo,['Action'],65.0,Nintendo,2025-10-24 20:30:39,0,0,0,1,0,0,0,0,0,0,0,0,0,0,0,0,0,0,0,0,0,0,0,1,0,0,0,0,0,0,0,0,0,0,0,0,0,0,0,0,0,0
"['Fighting', 'Sport', 'Arcade']",Arcade Archives: Punch-Out!!,['Action'],77.0,Nintendo,2025-10-24 20:30:39,0,1,0,1,0,0,0,0,0,0,0,0,0,0,0,0,0,1,0,0,0,0,0,1,0,0,0,0,0,0,0,0,0,0,0,0,0,0,0,0,0,0
"['Shooter', 'Platform', 'Adventure']",Super Mario Bros. / Duck Hunt,,84.79800662271055,Nintendo,2025-10-24 20:30:39,1,0,0,0,0,0,0,0,1,0,0,0,0,0,0,1,0,0,0,0,0,0,0,0,0,0,0,0,0,0,0,0,0,0,0,0,0,0,0,0,0,0
['Arcade'],Bird & Beans,['Action'],77.5,Nintendo,2025-10-24 20:30:39,0,1,0,0,0,0,0,0,0,0,0,0,0,0,0,0,0,0,0,0,0,0,0,1,0,0,0,0,0,0,0,0,0,0,0,0,0,0,0,0,0,0
['Arcade'],Game Boy Gallery,['Action'],71.0,Nintendo,2025-10-24 20:30:39,0,1,0,0,0,0,0,0,0,0,0,0,0,0,0,0,0,0,0,0,0,0,0,1,0,0,0,0,0,0,0,0,0,0,0,0,0,0,0,0,0,0
['Arcade'],Game & Watch Collection,['Action'],71.0,Nintendo,2025-10-24 20:30:39,0,1,0,0,0,0,0,0,0,0,0,0,0,0,0,0,0,0,0,0,0,0,0,1,0,0,0,0,0,0,0,0,0,0,0,0,0,0,0,0,0,0
"['Puzzle', 'Simulator', 'Sport']",StreetPass Mii Plaza,"['Action', 'Comedy']",74.21848979076456,Nintendo,2025-10-24 20:30:39,0,0,0,0,0,0,0,0,0,0,1,0,0,0,0,0,1,1,0,0,0,0,0,1,1,0,0,0,0,0,0,0,0,0,0,0,0,0,0,0,0,0
['Puzzle'],Spotto!,['Comedy'],70.0,Nintendo,2025-10-24 20:30:39,0,0,0,0,0,0,0,0,0,0,1,0,0,0,0,0,0,0,0,0,0,0,0,0,1,0,0,0,0,0,0,0,0,0,0,0,0,0,0,0,0,0
['Arcade'],Game & Watch Gallery 4,"['Action', 'Fantasy']",69.96387525205384,Nintendo,2025-10-24 20:30:39,0,1,0,0,0,0,0,0,0,0,0,0,0,0,0,0,0,0,0,0,0,0,0,1,0,0,0,1,0,0,0,0,0,0,0,0,0,0,0,0,0,0
['Arcade'],Game & Watch Judge,,70.0,Nintendo,2025-10-24 20:30:39,0,1,0,0,0,0,0,0,0,0,0,0,0,0,0,0,0,0,0,0,0,0,0,0,0,0,0,0,0,0,0,0,0,0,0,0,0,0,0,0,0,0
['Arcade'],Game & Watch Collection 2,['Action'],71.0,Nintendo,2025-10-24 20:30:39,0,1,0,0,0,0,0,0,0,0,0,0,0,0,0,0,0,0,0,0,0,0,0,1,0,0,0,0,0,0,0,0,0,0,0,0,0,0,0,0,0,0
['Arcade'],Donkey Kong Jr.,['Action'],67.65830320281039,Nintendo,2025-10-24 20:30:39,0,1,0,0,0,0,0,0,0,0,0,0,0,0,0,0,0,0,0,0,0,0,0,1,0,0,0,0,0,0,0,0,0,0,0,0,0,0,0,0,0,0
['Platform'],3D Classics: Kid Icarus,['Action'],69.0,Nintendo,2025-10-24 20:30:39,0,0,0,0,0,0,0,0,1,0,0,0,0,0,0,0,0,0,0,0,0,0,0,1,0,0,0,0,0,0,0,0,0,0,0,0,0,0,0,0,0,0
,Game Boy Camera,,70.06270431323648,Nintendo,2025-10-24 20:30:39,0,0,0,0,0,0,0,0,0,0,0,0,0,0,0,0,0,0,0,0,0,0,0,0,0,0,0,0,0,0,0,0,0,0,0,0,0,0,0,0,0,0
"['Sport', 'Arcade']",Punch-Out!!,['Action'],79.96663575999034,Nintendo,2025-10-24 20:30:39,0,1,0,0,0,0,0,0,0,0,0,0,0,0,0,0,0,1,0,0,0,0,0,1,0,0,0,0,0,0,0,0,0,0,0,0,0,0,0,0,0,0
"['Platform', 'Arcade']",Super Mario All-Stars: Limited Edition,['Action'],61.25,Nintendo,2025-10-24 20:30:39,0,1,0,0,0,0,0,0,1,0,0,0,0,0,0,0,0,0,0,0,0,0,0,1,0,0,0,0,0,0,0,0,0,0,0,0,0,0,0,0,0,0
"['Platform', 'Arcade']",Donkey Kong: Original Edition,['Action'],71.0,Nintendo,2025-10-24 20:30:39,0,1,0,0,0,0,0,0,1,0,0,0,0,0,0,0,0,0,0,0,0,0,0,1,0,0,0,0,0,0,0,0,0,0,0,0,0,0,0,0,0,0
['Arcade'],Paper Airplane Chase,,75.0,Nintendo,2025-10-24 20:30:39,0,1,0,0,0,0,0,0,0,0,0,0,0,0,0,0,0,0,0,0,0,0,0,0,0,0,0,0,0,0,0,0,0,0,0,0,0,0,0,0,0,0
['Simulator'],Nintendogs + Cats: French Bulldog & New Friends,"['Sandbox', 'Kids']",67.20808306283737,Nintendo,2025-10-24 20:30:39,0,0,0,0,0,0,0,0,0,0,0,0,0,0,0,0,1,0,0,0,0,0,0,0,0,0,0,0,0,0,1,0,0,0,0,0,1,0,0,0,0,0
['Sport'],Golf,['Non-fiction'],78.83257081965436,Nintendo,2025-10-24 20:30:39,0,0,0,0,0,0,0,0,0,0,0,0,0,0,0,0,0,1,0,0,0,0,0,0,0,0,0,0,0,0,0,0,1,0,0,0,0,0,0,0,0,0
['Pinball'],Pinball,['Action'],67.38382397422025,Nintendo,2025-10-24 20:30:39,0,0,0,0,0,0,0,1,0,0,0,0,0,0,0,0,0,0,0,0,0,0,0,1,0,0,0,0,0,0,0,0,0,0,0,0,0,0,0,0,0,0
['Puzzle'],Tetris,,83.97588078148944,Nintendo,2025-10-24 20:30:39,0,0,0,0,0,0,0,0,0,0,1,0,0,0,0,0,0,0,0,0,0,0,0,0,0,0,0,0,0,0,0,0,0,0,0,0,0,0,0,0,0,0
['Strategy'],Dillon's Dead-Heat Breakers,['Action'],74.0,Nintendo,2025-10-24 20:30:39,0,0,0,0,0,0,0,0,0,0,0,0,0,0,0,0,0,0,1,0,0,0,0,1,0,0,0,0,0,0,0,0,0,0,0,0,0,0,0,0,0,0
['Card & Board Game'],Super Mario Party,"['Comedy', 'Kids', 'Party']",70.1036260121939,Nintendo,2025-10-24 20:30:39,0,0,1,0,0,0,0,0,0,0,0,0,0,0,0,0,0,0,0,0,0,0,0,0,1,0,0,0,0,0,1,0,0,0,1,0,0,0,0,0,0,0
"['Platform', 'Arcade']",Arcade Archives: Donkey Kong,['Action'],83.0,Nintendo,2025-10-24 20:30:39,0,1,0,0,0,0,0,0,1,0,0,0,0,0,0,0,0,0,0,0,0,0,0,1,0,0,0,0,0,0,0,0,0,0,0,0,0,0,0,0,0,0
"['Shooter', 'Platform']",Splatoon 2: Octo Expansion,"['Action', 'Science fiction']",85.67902312886903,Nintendo,2025-10-24 20:30:39,0,0,0,0,0,0,0,0,1,0,0,0,0,0,0,1,0,0,0,0,0,0,0,1,0,0,0,0,0,0,0,0,0,0,0,0,0,1,0,0,0,0
['Platform'],Super Mario Maker 2,['Action'],84.12339167894831,Nintendo,2025-10-24 20:30:39,0,0,0,0,0,0,0,0,1,0,0,0,0,0,0,0,0,0,0,0,0,0,0,1,0,0,0,0,0,0,0,0,0,0,0,0,0,0,0,0,0,0
"['Platform', 'Adventure']",New Super Mario Bros. U + New Super Luigi U,['Action'],84.37136903508774,Nintendo,2025-10-24 20:30:39,1,0,0,0,0,0,0,0,1,0,0,0,0,0,0,0,0,0,0,0,0,0,0,1,0,0,0,0,0,0,0,0,0,0,0,0,0,0,0,0,0,0
"['Adventure', 'Visual Novel']",Famicom Detective Club: The Missing Heir,['Mystery'],72.0,Nintendo,2025-10-24 20:30:39,1,0,0,0,0,0,0,0,0,0,0,0,0,0,0,0,0,0,0,0,0,1,0,0,0,0,0,0,0,0,0,1,0,0,0,0,0,0,0,0,0,0
['Adventure'],Luigi's Mansion 3: Multiplayer Pack - Part 2,"['Action', 'Fantasy', 'Horror']",70.0,Nintendo,2025-10-24 20:30:39,1,0,0,0,0,0,0,0,0,0,0,0,0,0,0,0,0,0,0,0,0,0,0,1,0,0,0,1,0,1,0,0,0,0,0,0,0,0,0,0,0,0
['Sport'],Jump Rope Challenge,,53.60341512326702,Nintendo,2025-10-24 20:30:39,0,0,0,0,0,0,0,0,0,0,0,0,0,0,0,0,0,1,0,0,0,0,0,0,0,0,0,0,0,0,0,0,0,0,0,0,0,0,0,0,0,0
"['Real Time Strategy (RTS)', 'Adventure']",Pikmin 3 Deluxe,"['Action', 'Science fiction']",83.18068786287225,Nintendo,2025-10-24 20:30:39,1,0,0,0,0,0,0,0,0,0,0,0,0,1,0,0,0,0,0,0,0,0,0,1,0,0,0,0,0,0,0,0,0,0,0,0,0,1,0,0,0,0
['Racing'],Mario Kart Live: Home Circuit,"['Kids', 'Party']",80.5,Nintendo,2025-10-24 20:30:39,0,0,0,0,0,0,0,0,0,0,0,0,1,0,0,0,0,0,0,0,0,0,0,0,0,0,0,0,0,0,1,0,0,0,1,0,0,0,0,0,0,0
['Arcade'],Donkey Kong,['Action'],63.87905858099983,Nintendo,2025-10-24 20:30:39,0,1,0,0,0,0,0,0,0,0,0,0,0,0,0,0,0,0,0,0,0,0,0,1,0,0,0,0,0,0,0,0,0,0,0,0,0,0,0,0,0,0
,Game Builder Garage,['Educational'],78.33333333333333,Nintendo,2025-10-24 20:30:39,0,0,0,0,0,0,0,0,0,0,0,0,0,0,0,0,0,0,0,0,0,0,0,0,0,0,1,0,0,0,0,0,0,0,0,0,0,0,0,0,0,0
"['Platform', 'Arcade']",Donkey Kong,['Action'],71.11453914384883,Nintendo,2025-10-24 20:30:39,0,1,0,0,0,0,0,0,1,0,0,0,0,0,0,0,0,0,0,0,0,0,0,1,0,0,0,0,0,0,0,0,0,0,0,0,0,0,0,0,0,0
"['Platform', 'Arcade']",Mario Bros.,['Action'],54.49537497620678,Nintendo,2025-10-24 20:30:39,0,1,0,0,0,0,0,0,1,0,0,0,0,0,0,0,0,0,0,0,0,0,0,1,0,0,0,0,0,0,0,0,0,0,0,0,0,0,0,0,0,0
"['Platform', 'Arcade']",Mario Bros.,['Action'],39.5575221238938,Nintendo,2025-10-24 20:30:39,0,1,0,0,0,0,0,0,1,0,0,0,0,0,0,0,0,0,0,0,0,0,0,1,0,0,0,0,0,0,0,0,0,0,0,0,0,0,0,0,0,0
"['Puzzle', 'Strategy']",Dr. Mario,['Science fiction'],67.88523104783296,Nintendo,2025-10-24 20:30:39,0,0,0,0,0,0,0,0,0,0,1,0,0,0,0,0,0,0,1,0,0,0,0,0,0,0,0,0,0,0,0,0,0,0,0,0,0,1,0,0,0,0
